asset_code,1960,1961,1962,1963,1964,1965,1966,1967,1968,1969,1970,1971,1972,1973,1974,1975,1976,1977,1978,1979,1980,1981,1982,1983,1984,1985,1986,1987,1988,1989,1990,1991,1992,1993,1994,1995,1996,1997,1998,1999,2000,2001,2002,2003,2004,2005,2006,2007,2008,2009,2010,2011,2012,2013,2014
EP1A,0.028014750168970443,0.037441010115367025,0.05458179215024069,0.10287271989656914,0.1010802136352683,0.11820879350362574,0.13288011989507362,0.19157074041607833,0.20074643662746505,0.2871412069047814,0.33373785351032054,0.3304631744749343,0.4375036083167479,0.417101913584147,0.43446852797378477,0.3980407122331114,0.45585716859840086,0.5645282005254425,0.8820023507718161,1.2124552005062574,1.268814114317476,1.9141011216189678,1.4395377077471148,1.7081834380460788,2.1367487616844283,2.3013373322011597,2.1461758461153515,2.159520804023855,2.2596716769622556,2.0380221412084047,1.4706525278516716,1.4409102257609252,0.939083701770207,0.9315593245980811,1.2437349314607757,1.4442598757430913,1.686553619742729,2.492777271308872,2.3363325869154425,3.0353141715117262,3.700300993771336,3.020007602888411,2.6617129632769223,2.83368452707572,2.8701250597288173,2.4241453387398364,3.3590551301899794,3.165917489366763,3.28166988543051,3.9097921765206998,3.7684657816734095,2.5922162249476544,3.0350858332471495,3.102612942608381,3.194893997080206
EP1B,0.0,0.0,0.0,0.0,0.0,0.0,0.0,0.0,0.0,0.0,0.0,0.0,0.0,0.0,0.0,0.0,0.0,0.0,0.0,0.0,0.0,0.0,0.6277833752600405,0.7382599570842501,1.2228806892462825,1.3198388504743577,1.1460723541881976,1.466921769590077,1.8787418868331622,2.1793205767734247,1.6695806125108208,1.7477863180081294,2.20649476273209,2.678422030818598,3.5007402939624095,4.469933216085607,4.383261330259469,4.171208059771033,4.667605986765238,4.6632702949460265,4.744700222681047,4.085091180322765,4.060440554603578,4.479290951114844,5.113225537550748,5.666048651117767,5.642476658886565,6.240149550707945,5.837312815116271,5.220848367433288,5.304501950006161,5.131490789155569,5.4708299926704065,5.685610644951382,5.627483810452385
EP1C,0.005291675031916639,0.004870375299559938,0.006671107929473862,0.022724123201033185,0.0362928956969361,0.04739912502345873,0.08710721846983949,0.08511252923986554,0.08353724955688366,0.11139756299760341,0.14841643604794685,0.16110412615417827,0.18546348613427355,0.2207439481757757,0.2128293002561016,0.20020500109343994,0.24873249720915752,0.32183177382551587,0.4223447540031147,0.5504482337777367,0.632538100198205,0.8524916389221404,0.755902431435559,0.8695997731007945,0.9382989649344037,0.9298406668990754,0.8543152841986108,0.0,0.0,0.0,0.0,0.0,0.0,0.0,0.0,0.0,0.0,0.0,0.0,0.0,0.0,0.0,0.0,0.0,0.0,0.0,0.0,0.0,0.0,0.0,0.0,0.0,0.0,0.0,0.0
EP1D,0.015563750093872467,0.018568305829572265,0.018497162895359347,0.040227839720747935,0.05518919676228299,0.06474026832472413,0.10042297161172575,0.09024630084480982,0.0819950234112181,0.0831666737447861,0.0868196325360977,0.09905906599893274,0.06932980520808876,0.09195547668542095,0.10850121189526749,0.09737781709988619,0.10470540783253139,0.13909304745472637,0.14192615039671064,0.201999351845041,0.23112767745259424,0.3765830016085526,0.3649391240749534,0.587200022919449,0.8751222038698618,0.9091409042198803,1.1417366454081666,1.368965278998015,1.2838389400320587,1.5439393763241847,1.1858629932131581,1.0521903103072137,1.2996719001857189,1.6212337223287605,1.4618254989722412,1.4861761453395732,1.336038457672105,1.7271385379782902,1.8318593623695725,2.233375285802614,2.243853053639987,2.330467389472228,2.570018408521407,1.772726607487566,1.7901203367179237,1.3958344655568424,1.3885934437700083,1.3279195521053995,1.1668665969079641,1.056613109011435,1.30036800077908,1.2627388232802939,1.3223077746463365,1.3972177653956925,1.2810780430990965
EP1E,0.0,0.0,0.0,0.0,0.0,0.0,0.0,0.0,0.0,0.0,0.0,0.0005325756236501761,0.04680387571809602,0.062489080841473914,0.05888740987478192,0.08031892943275283,0.1225373331839232,0.12718968047761825,0.15978137576920004,0.24630148242014657,0.3432650950845807,0.3671844468321623,0.41798842077262904,0.514063274058924,0.6079093171920414,0.42095623572381313,0.4846961107009669,0.593523041092093,0.47707378249920745,0.6335341620758409,0.4955117745146083,0.45205326649575694,0.5823081479902392,0.674858945960051,0.654890399179819,0.7826345178367855,0.99077009220628,1.1837013205672118,1.086135188893314,1.2278517710713404,1.3929761637887697,1.0984408487170354,1.2530446538646218,1.3618032237821396,1.6939849063771129,1.485557690896642,1.4031003443164654,1.2033489023318515,1.1630103455737333,0.9224685584119574,1.2758941097404635,1.0846623280648031,1.173043935443329,1.3153872596740823,1.2910838154770217
EP1F,0.007470600045058784,0.014915524354902312,0.022135949038708722,0.0586528044783424,0.08098414742291525,0.10115666925738144,0.14813775370348498,0.13428865724512118,0.12543439318079763,0.13708512889431104,0.14841643604794685,0.14086625245547157,0.12264117166773823,0.10160826153085188,0.07627542460158761,0.07297413057607043,0.07087047255040334,0.09280217587708368,0.11949266210819831,0.11454281428485848,0.11732896474457839,0.13691985481059685,0.1647530988007058,0.1460820402632995,0.24259112783393555,0.2883312075845439,0.2532776545668116,0.0,0.0,0.0,0.0,0.0,0.0,0.0,0.0,0.0,0.0,0.0,0.0,0.0,0.0,0.0,0.0,0.0,0.0,0.0,0.0,0.0,0.0,0.0,0.0,0.0,0.0,0.0,0.0
EP1G,0.0,0.0,0.0,0.0,0.0,0.0,0.0,0.0,0.0,0.0,0.0,0.0,0.0,0.0,0.0,0.0,0.0,0.0,0.0,0.0,0.0,0.0,0.0,0.0,0.0,0.0,0.0,1.07322996930579,1.375952944698036,1.5518816413298004,1.246563578729705,1.0665703465341514,1.355395167935981,1.118415430603149,0.8783945623387321,1.0920447199111694,1.5725815379384762,1.691085974137046,1.5903193170354326,1.4321573088364987,1.482783548963468,1.4323267753587123,1.1303282030142499,1.3318925923825065,1.2508327367763492,1.5209794852692684,1.640871982541321,1.8476490349482666,1.7298792917056782,1.441424554430848,1.7054707986000965,1.4773931931886959,1.5496330089686412,1.6953993183357217,1.5486900568680102
EP1H,0.0,0.0,0.0,0.0,0.0,0.0,0.0,0.0,0.0,0.0,0.0,0.0,0.0,0.0,0.0,0.0,0.0,0.0,0.0,0.0,0.0,0.0,0.0,0.0,0.0,0.0,0.0,0.0,0.0,0.0,0.0,0.0,0.0,0.11852361416502688,0.24361180413514757,0.35132647167086584,0.4640500108244771,0.5844929941935562,1.0205103052417883,1.1781090678045938,1.4101386953872292,1.4215208987460126,1.59291437737899,1.7033408986012077,1.8640981585786964,2.1743947175034,2.409914624924838,2.7132095182385023,2.684652065230942,2.800672085237083,2.966475198407975,3.0935577092254993,3.5341561752650823,3.632901727098319,3.81643901004793
EP20,0.7000574792223835,0.8163966595887345,0.9197031977315557,0.8807133154130159,0.8977242712473531,0.997404758877781,1.1013237494435117,1.1380761052644877,1.1834015291073612,1.4405383489005152,1.7276310364293201,1.7681510705185846,1.6546546650926888,2.0580753373074048,2.0819249632895342,2.198938006092564,2.4267421487823597,3.0278638666214284,3.8503191123752787,4.656314604746201,5.031024475870621,5.807666041256345,5.77516664313677,5.648569376000164,6.49174621549002,6.775417010755735,7.054920803240464,7.321921150121317,8.390818208364983,8.057150792440913,7.108101466148781,6.676314266127858,6.772429994152909,7.357081228751317,8.780697465998852,9.392799126256167,10.306894697077952,11.767556837782047,12.579885461032235,14.231603677239047,18.242439513435105,17.08377771086331,14.349083773245797,14.293803828629388,15.171528954751308,15.55070714777136,16.968650803822186,18.964228230733763,17.534024248444865,15.41547457612871,17.083973967592595,16.606675969131793,17.098058464853917,18.803396496932983,19.16698973140851
EP34,0.06910305041679375,0.07488202023073405,0.07793066990339921,0.09396732026373181,0.10557933293654136,0.11531860295341484,0.12344812808623748,0.17103565399630125,0.1750426675330393,0.21567382059809975,0.2604588976082931,0.314485905765429,0.2975925573733485,0.3703621132799551,0.3885641690950178,0.44424186633159757,0.5216981237420014,0.5089791546322713,0.6416435476806127,0.7049318289955919,0.7363690424500442,0.9084557605451925,1.0387652851480709,1.0897758495133691,1.1087426133653278,1.109543916352975,1.175338388453407,1.4534877365945942,1.6428916540529825,1.6488511559332453,1.6264926321182462,1.7361599057395414,1.8875523749509844,2.205536998792828,2.1699238096584033,2.0995163304951614,2.1954928904082673,2.326641170995548,2.565152390484529,2.7978468315687364,3.0947299434912052,3.594598346250658,4.159333560386629,4.697012523861013,4.9107693245839465,5.611387608024983,5.991349925686725,6.414226757134682,6.933364614795632,7.069561671338422,7.003640343232629,6.8925229404892985,6.884753756149224,7.654625422376959,7.476686217382826
EP35,0.020232875122034207,0.02282988421668721,0.025774735182058105,0.034086184801549776,0.037792602130693784,0.03468228660253078,0.04410843228249833,0.05025692202734918,0.0416401059329697,0.05366412281391397,0.06929640395083027,0.08095149479482676,0.11237935934451931,0.12878847149035477,0.16762046196640681,0.22058089469584924,0.23593008926456852,0.29339595271353536,0.3696947304688511,0.39573509384187583,0.3428497713155733,0.4408776604197689,0.6139705395161175,0.6578478248292228,0.8188166313198925,0.7984979249434733,0.8328173948309571,0.8599646955025011,0.9524204274109278,1.0262145202604582,0.9540685293494536,0.9883980219387767,1.0294140515969477,1.1297537865500584,1.1351536701891098,1.1262590601118312,1.2679758461598465,1.5627682775265774,1.814369029942624,1.8478332900481795,2.1143943023585035,2.4288165273385376,3.344708852437163,3.7299600749461255,4.489060001899349,5.395440526595926,5.322263366336722,6.509486665785043,5.901642098737305,5.220308912135972,5.290639116620651,5.090100036213589,6.049104888313567,6.620985845963825,6.5836286353124205
EP36,0.15096837591056292,0.14458926670568564,0.13342215858947723,0.1440218078551968,0.14727117179500515,0.1624287089218525,0.17643372912999333,0.1942727254713121,0.1876375143893079,0.20193987447510756,0.23523606858404456,0.2314041084760015,0.2818244067303536,0.3248924162448989,0.3992288181274586,0.4262352626829568,0.472088792956719,0.7690897663542635,0.9307608508274604,1.0113740275332395,1.022111795527106,1.1942572671545195,1.223336800450927,1.2071392711141589,1.4824589220190223,1.518959576423785,1.5597712336161567,1.6495873015703215,1.7645589018826275,2.164544269786233,2.029538229732001,2.048543245903445,2.0896225406348297,2.1948033551630868,2.3850755681041114,2.523714903372632,2.6096983334871506,2.4398020754605136,2.4596322031153357,2.4665171732876257,2.718041965476738,3.0178151061843845,3.3810438909571054,3.269301571587821,3.6677989650101925,3.890463780916321,4.053794135628229,4.650578016868722,4.6585268959025035,4.005095945713358,4.316133273446646,4.388061528949637,5.167239755166696,5.52432153222473,6.159316050743459
EP31,0.09182612555384756,0.0937547245165288,0.11886701401607973,0.1906983852411028,0.2834445159802034,0.32832564650395807,0.4003048288279566,0.3307229707606204,0.3344060359184789,0.37132520999201135,0.4524179016559954,0.5365699408275524,0.6197133490802447,0.7699366017500302,0.8119043676436468,0.9410819696368562,1.0072751679260552,0.9522693581686495,1.196529013102591,1.2590527782614205,1.3169916715223295,1.5441398290574175,1.4723682158920912,1.3892153134344707,1.7300125748912603,1.6068877718752343,1.6683446076494333,1.7982945834786517,2.0518394539346443,2.1527232241964795,1.793969636198874,1.8329956816081756,1.8410674384330026,2.1855814923262673,2.3615650955780527,2.096257821904622,1.9760018991074941,1.8551619279451566,1.8325821033789507,1.543898164000929,1.4540806943936302,1.0536512731919325,0.7836028118546098,0.9089701763132734,0.9256162252144985,0.8745766894845397,0.7485206855129195,1.1679615441465394,1.292194765270469,1.0940153429587425,1.206066504539376,1.3094237422962467,1.306303555563301,1.2820112563052268,1.2578443004588296
EP12,0.3806893272961205,0.31626999601517347,0.2804897652165147,0.3003269255487899,0.29334257844300415,0.2890190550210898,0.3578608656881941,0.3374779333987049,0.3033044753142237,0.35453927584168754,0.32869328770547085,0.3009052273623495,0.3338843326627812,0.49203800646315027,0.5995387477802601,0.5454105473575134,0.6174875688988368,0.6227224390801933,0.9678447804472461,1.1890416392696732,1.1828420941329532,1.3089623561300117,0.9470800855724655,1.4481842104214904,1.6385875943779202,1.5262869260447394,1.742954929572467,1.168760870607001,1.0752391002988975,1.1244769617252826,0.7782569889155179,0.7081402946222872,0.750797712845637,0.8419107235778505,0.8681860676892592,0.8415839005201768,0.8394874567678984,0.8361251744732592,0.7358948957487174,0.5318864705826885,0.5688787413454933,0.7477979829803029,0.8838669511667153,1.393974542438722,1.4861679816812712,1.5243958004625673,1.5555997134755617,0.7858495653576638,0.8834321238419918,0.7388739388917609,0.6631911033191544,0.6203800063047765,0.6535600486766259,0.6807349316551343,0.7336435814729536
EI11,0.0,0.0,0.0,0.0,0.0,0.0,0.0,0.0,0.01285188454721287,0.025687565896707638,0.027081353268140568,0.027161356806158977,0.043049554136430565,0.07417403091752188,0.05772820889299488,0.0819774324003908,0.1280240794458899,0.20654546032500573,0.26599707542093187,0.4806666395039953,0.39372693301897455,0.44173207449034985,0.4996643190845221,0.5669055323979421,0.4802197306295687,0.39384504212628296,0.34739866599998487,0.2996535693159073,0.3321861293266807,0.3418868029161462,0.28305972520669465,0.31896144184218383,0.33140680293576946,0.34740722621330583,0.3518837170841021,0.37472848791201124,0.4433543131055463,0.30696182927687765,0.324366165008863,0.3170556651697836,0.3590815878401852,0.3614487423494323,0.43550628716591494,0.4926559229951221,0.5439335501067438,0.5534430613144352,0.6878393820076178,0.7567175482657149,0.7074468356798173,0.6068872094815508,0.4810916623045531,0.4854589860559229,0.5351614891337588,0.5440119127786551,0.5805043872819973
EI12,0.2876181017347632,0.2630002661762366,0.2404631176396715,0.2690044854608793,0.3053402299130657,0.3491350184654765,0.39170507159048834,0.3793587017548293,0.4248833031308575,0.5122253239204869,0.6571210719475284,0.710455881949335,0.6995552547169968,0.8601139338586612,0.9779019482355518,1.1801433259721,1.2653808566660725,1.1663095310347975,1.3487562550603533,1.533817805714277,1.5130244904938024,1.6684570763269455,1.411711850233994,1.1830156314376508,1.1776453648586798,1.1859315361514213,1.092417958035314,1.0314351999865103,1.1946034980118931,1.312874875811976,1.1594440855272,1.114299828478881,1.0760456282932196,1.065503102850905,1.1998074696357712,1.2296426508480305,1.3251076314121062,1.2447699491146251,1.2510646872333822,1.3394484444871715,1.407919402508118,1.4985714972017838,1.3929002738281742,1.5605698033738884,1.7018472835797072,2.0393603643366878,2.365863183021572,2.7773714454532854,3.1999874708054366,2.4354608489535186,2.1821126625339917,2.384781172412853,2.7901232962619074,2.83611317966823,3.0264917602788555
EI21,0.1363384508223228,0.11536701490832603,0.096731064977371,0.0896681618202931,0.08518332543743679,0.08294846879105278,0.0954295641835184,0.15158136159861768,0.1876375143893079,0.22025180263909716,0.2771856158033211,0.3278002963566834,0.35716112646910714,0.35308870881971033,0.34358717100168035,0.3335960254906077,0.3134303802148483,0.27465917136067997,0.26531033598352843,0.2761422957608913,0.24171843356228187,0.3172012237031768,0.26344480926090985,0.22515397031407625,0.22445882480936913,0.2562740529928697,0.18607416847633096,0.32670821909847675,0.32892375832809395,0.4161377455267841,0.34092971347117446,0.4242110686946646,0.37891822070178244,0.36207149990464205,0.4064836960426463,0.2797873967058455,0.3634864092324893,0.29975131650862885,0.40632499547233236,0.47205104491399347,0.7496771345637488,1.3310021062512238,1.6352481250885458,1.4016260993083953,0.47567382075694886,0.5595564674498124,0.7451593305082528,1.3752814203837214,1.5498624680577167,1.4971682684869314,0.8547035793486083,1.303808717672335,1.999710843589526,1.777738088068025,1.595157542148544
EI22,0.03673045022153902,0.03013544716602712,0.03214261093291952,0.03992075697478802,0.04289160400546993,0.04739912502345873,0.05575971628164884,0.053769502599153154,0.05397791509829406,0.06053109587541008,0.05867626541430457,0.05858331860151937,0.06457433120464585,0.07646021680196605,0.07743462558337466,0.07984507144199914,0.09121715660519655,0.10757116823756968,0.15703441801958629,0.1544835952178552,0.15969198918332883,0.18156298999845136,0.13192259065572917,0.1133428149880384,0.14429495880602303,0.1427001338680811,0.15102718917108027,0.14068417886936121,0.1926717930930025,0.18673557955063416,0.14860635573351472,0.16108700156346262,0.15807811219679624,0.16977298304505764,0.19380672417862851,0.20676718147239825,0.21555589384717389,0.2503078003834942,0.23344534602910597,0.31777657391277997,0.30004839725582844,0.3589430318305454,0.34809652468869473,0.3848385307406302,0.40526980671553714,0.4847571453228452,0.5703688702655761,0.660027847365443,0.6455715301805667,0.42563022958306107,0.4519968268040998,0.5942300344848441,0.6808325444609828,0.64125976015796,0.7634913092443913
EI30,0.48154242790441415,0.42585344025527205,0.477590681314606,0.5856067965455444,0.6103805185393798,0.7586750194303608,0.9126839132667894,1.1413184873307685,1.0060455223558233,1.0091907077043158,1.0572347913111346,0.837741456001727,0.9308214641475888,1.2500356374833053,1.4068063114967586,1.4355527829883465,1.4722769136277338,1.5976963675940676,2.140109000094916,2.6569801109163063,2.754427236056793,3.0128776163860667,2.435062811435948,1.7849578786038547,2.158507525313908,2.281736671965107,2.3678389574944365,2.3255803785513507,2.6632461599050687,3.0832611567148724,2.509796230166026,2.398100509505071,2.472939966685317,2.818412932243107,3.4325289888045685,3.8921403973722652,3.981152668241651,4.346320512714218,4.3134628921700005,4.182279981618879,4.407071799338936,3.9764059865660464,3.9365243619152834,3.9541159114236097,4.1475826647594065,4.689701730085478,4.878741419141995,5.085771032935566,5.08464266833502,3.7898532820839015,3.571476630726223,4.387901099674669,5.285638314709564,5.475019923187486,5.811827447313481
EI40,0.5998269286178448,0.5640503393802854,0.6185936443693946,0.6341258704072098,0.718659323056685,0.897693184895505,0.9615083414537058,0.8975994353486773,0.8901215237399634,0.9522202645274592,1.0415700869697593,1.0092308068170837,1.0554649406588819,1.2289519232156536,1.2417360916902833,1.223264403130687,1.2628660979626711,1.35125258462357,1.887159973984649,2.148768105251624,2.176504211483055,2.421836683061696,2.3784101662833357,2.370051869488053,2.7488571385242637,2.8917385279095367,3.092082978292117,3.495087584324767,4.0035049277950385,4.372493941347341,3.545952079825421,3.2557013934222327,3.142059100223333,3.627366834535274,4.039161049641425,4.578352683734458,4.752140280446891,4.811766469570768,4.921866273864432,4.990562864266358,5.818690023312239,5.468713207470613,5.204994267981768,5.004813788845611,5.0873154308603805,5.496671339955259,5.909439011625632,6.22567290417759,5.761414777492544,4.587707666815647,4.3928067222949,5.78491922610394,5.663860471814777,5.8665526327581725,6.361466570650014
EI50,0.7700943546448097,0.708639606085971,0.7614160004958576,0.8828628946347352,1.0317980264252906,1.1346888100127988,1.2674932521933011,1.1537476185848439,1.117342842534687,1.2787829834519404,1.3952207002360655,1.3841640458668076,1.373330834573224,1.741057561331147,1.9198686660357052,2.002523868925153,2.1421171864428366,2.6418861707526076,3.3769267268585086,3.945873702518471,3.7316840645311045,4.051204315659563,3.618962964907848,3.2197400669828404,3.8763046539570394,4.004762935332464,4.366962014153736,4.4007653087702305,4.991619532014033,4.990328277249291,4.305652931199611,3.9499205891439737,3.8827386407669486,4.730362101050626,5.343218904030904,5.789036739146623,6.016472517853405,6.3476056892077635,6.67884966766244,6.4534308855545,7.044923315450458,6.8535880898779045,7.467707374303849,8.153081642676776,8.867331961398508,10.299830695670824,11.108039896474875,11.399554884513957,10.984181357253654,9.188542079199339,9.32489477789526,10.198809868323572,11.48515020073207,11.723956513323866,12.326263622792112
EI60,0.604807328647884,0.5719646992420702,0.5776573002567139,0.5776226451505868,0.6346757627662544,0.6829520270148353,0.7945066041325486,0.7930326137111281,0.749007831411566,0.7851239200310541,0.8705858565316953,0.8265573679050734,0.8349611197623975,1.0259894208077769,1.081766356203671,1.0863194438028665,1.1250115981307576,1.3470643629094023,1.4824415322082225,1.6947286530362928,1.6421901826550902,1.8916727522662178,1.8060783200242618,1.809847348111363,2.1943903986677866,2.115405835569449,2.0179111280394335,2.2916221284794354,2.446010632234472,2.533582536791344,2.196071701395273,2.0407413113547874,2.0023716345521825,2.1477869725032357,2.4291577040904717,2.5794057774654844,2.6503610071743458,2.8387347308630138,2.919584581483518,3.1571477490781046,3.694826738002862,3.598356912028988,3.4746237543150706,3.561973621852837,4.091295191604471,4.567613413440741,5.316071396591283,5.842667305232519,5.580346248935249,4.6502844813044115,4.853703145840314,5.069725518292538,5.442904263454088,6.000395488907389,6.035515816236926
ET11,0.2972676267929641,0.30105007320404864,0.3832854737661347,0.4090342176185973,0.41721832987138935,0.5000029651864855,0.5578745743402777,0.48689770695313556,0.5639406939317008,0.6714373660129521,0.6053478965819656,0.7067278525837837,0.8652459805211655,1.0430088046141945,0.9841616335372019,0.7899212705864246,1.0097899266294565,1.304741280324129,1.6712948774941683,1.8345213863017813,1.2924875691508955,1.4099968199762087,1.2922007931452681,1.4502902424567412,1.9577161276102883,2.1298773510708333,1.849179794683227,1.9238654752280948,2.214766099687592,1.8837944370295923,1.435899083812405,1.426224231316393,1.419037005313912,2.192535683973705,3.8301962576499426,4.181851433876571,5.44748657493294,6.944753869076204,6.84695922644377,7.683877928100627,7.480348578332067,6.627604322455795,6.450326295745459,7.235938212434533,9.648387660319855,11.350437520641663,12.334049906071787,11.243350081211116,6.4036559087935485,0.3954207329333127,5.222522972331354,8.36012994790489,9.816628707146592,12.552426850753832,14.922846349544862
ET12,0.5023978530302032,0.5089542188040135,0.6492200944092518,0.6933928403774721,0.7036622587191081,0.8453807359366877,0.9426443578360335,0.8235650448352704,0.9561802103126377,1.1429695162356843,1.0349325003844307,1.2132072706751011,1.4824564485469665,1.7893214855583017,1.6910423922309423,1.36755416131519,1.7418133237468485,2.2448868387938723,2.8666793248677536,3.1477467180125536,2.2304963014540116,2.433584876532184,2.2352771582122486,2.5052208346595983,3.3792886847362933,3.6830922869725793,3.224502750615564,3.3723154494493826,3.289813295810102,3.2807095588312203,2.2029909391225475,1.8590021301037014,2.35914718833215,3.3112534707354384,3.8815480792200185,4.27975480561959,3.727120265959282,3.4832662803513763,4.316932049015016,4.890644912487067,4.362537988898105,3.2807581037600766,3.638988386110471,3.617273510138205,5.107864825821706,6.255812537118853,6.797190559700279,5.331337851857883,4.354934745407596,3.440106430990089,4.253664950166262,5.461814666316555,6.509307841129842,7.059617687192084,8.238820811728516
ET20,1.0219158311636662,0.9220229238979407,1.170172977265438,1.1147103678344656,1.149075069545142,1.3786208924505985,1.2494615031469967,1.1461820604301893,1.463058536854713,1.4959827980637062,1.1565330866276502,1.7215507034491941,1.7535184667432124,2.011081516349386,1.6866374285001515,1.8286179863185439,2.318607524536099,2.921835727436447,3.3947819522309977,3.198705645409825,2.4394041572647125,3.114125683749909,2.93332582834355,3.7600330127535235,4.167184967740609,3.61989389649185,3.330546961193823,3.042995057268451,4.25202083621679,3.429396147889836,3.3091254430691532,3.9497676100351766,3.922771409440163,4.689090485403876,6.181707532739878,5.289892468686752,5.384087782624948,5.184800140336293,5.050369625331847,5.926302412675588,5.593061913935939,5.698298933763623,6.253740026017279,5.236968980232299,5.6283899347116355,6.656959863237276,7.363313507854697,7.670477972713262,5.331968606180466,1.9851954941263177,5.450489565781964,6.1308047429369115,9.09839854870586,9.280053728573913,8.938037752646913
ET30,0.24248322646253304,0.24838914027755685,0.23682433149632212,0.14954929728247512,0.2519506808712919,0.37052242853703715,0.5037793272013646,0.6725240802476995,0.9423001750016476,0.6999225876013804,0.6425183814598057,0.35309763848006676,0.47905143382051224,0.7595217549431179,0.5659219193084357,0.5454105473575134,0.5386155913830654,0.7527777449411895,0.9717363039258656,1.5822517412134858,1.6303534552383805,1.6056576421392459,1.37427706350771,1.3457544705252058,1.2242167536796715,1.2700128730518696,1.5613971244086684,1.7397072729150187,1.9157793928759406,1.484095333026059,1.8012033847319338,1.9397750995486285,2.0113166854278823,1.9881429207707506,1.341024978953479,1.8646074839226519,1.7505353894512548,2.1079713347992675,2.8142089423162004,4.1434950912456765,4.653561261778882,5.401842057997819,4.417963622304522,3.312776326529148,3.9785415549036305,3.89388009610962,3.6759070677351553,4.92509812885175,5.314966043479539,3.5544709540212787,4.978126354127547,5.29031577137479,5.622706765601257,6.249614275483971,7.2499452399373014
ET40,0.1406963008486071,0.11993299175166348,0.1255381219455536,0.11085687129152676,0.12687516429590057,0.14104129885029185,0.14647328456074918,0.1499601705654774,0.19406345666291433,0.21770847928298748,0.23576707551087084,0.2295400937932259,0.2758174921996889,0.42700871908340504,0.36306174749570275,0.5383026774962079,0.5194119794661819,0.5513022372175446,0.5921983081875652,0.7375271789524053,0.718510120382728,0.9507492570389494,0.6263820730831208,0.37047018074637555,0.32657232078982196,0.2370397602378652,0.26664608997190725,0.34070200346877133,0.3076223947490867,0.2742851984497445,0.24437489609511306,0.24446061585794232,0.16995596663829948,0.3211022404164759,0.27934153540830253,0.26038445918945285,0.3298194643516934,0.39054491605984337,0.40993870051922254,0.42302925039024336,0.5120648436402476,0.5033346004814018,0.6523167764476475,0.7338538634096066,0.8625385172027769,0.8547980225759666,0.789741512675413,1.0643016060279482,1.3041140875762736,1.2229451590174898,1.053233045116407,0.9462118637666336,1.0546453759004621,1.375023570262088,1.4002993648225097
ET50,0.276412201667175,0.18537865983950014,0.2832188548240267,0.30001984280283,0.41901797759189857,0.4939335650310426,0.5545456360548061,0.4793321487984809,0.33337788515470185,0.4560178777504633,0.3881660635100148,0.4188707280008635,0.38469281806798705,0.4615555280038947,0.5483020643852726,0.662927329064432,0.5409017356588848,0.6396957586586624,0.8893275714374529,1.3139139658647894,1.1533541065334307,0.7538068137700409,0.439007953426425,0.286228899336347,0.4260136879034965,0.363986092420895,0.31596477734476003,0.2537539565813412,0.4227649005815583,0.6110002939203737,0.5390715211158608,0.4880033570631014,0.42848260096385765,0.5081095245008359,0.7039221083295597,0.7690080273672578,0.7709876122052399,0.846425906999329,0.965003795721555,1.078479479522502,1.0549038818708367,0.8494358659026519,0.8098257405977758,0.7602865144139337,0.8754042253524764,1.2527088395638957,1.4848343449562593,1.6267461323369241,1.641711363473035,1.1269221160950755,1.0313263454454773,1.3684617154848058,2.0758125384129413,2.3878243222368,2.9306737705580463
EO12,0.39376287737497345,0.37319250732878023,0.3923824391245081,0.44956914008530513,0.4808058826627154,0.5138758798274977,0.5667517431015352,0.5666062660825335,0.5287265302723375,0.595391997665273,0.6029583654112474,0.556807814526259,0.6867905613393341,0.8077856791702724,0.7669273695503094,0.7574619982197959,0.8186682651709496,1.0849698566912254,1.3844667058053322,1.6407856443049467,1.692029034935973,1.9290533678541344,2.0322885285841616,2.141260207476725,2.5591359889830114,2.6612933823305296,2.7916544907424683,3.1814402306385654,3.3452736027860754,3.7611242397522884,3.11900366097199,2.7251698441135073,2.8778134989444584,3.0215962708117248,3.2501681525662574,3.377888496174438,3.4659463905203802,4.11175811776343,4.558182997945404,4.932313437832255,5.4806177413943065,5.473411414693526,5.732709284976593,5.925956896542456,6.416771939662672,7.0892136382210005,7.1830387315517745,6.944858405883124,6.7172392559271445,5.228580560028164,4.956733092730155,5.244272569458713,5.664513705246738,5.8958625240414815,6.258186648986345
EO30,0.3458265270858462,0.3302723250014083,0.35356872026211467,0.45540371225854337,0.4637092293178777,0.5199452799829406,0.5587068089116456,0.6033532628337135,0.5307828317998916,0.603021967733602,0.7540298360933256,0.7565236733950752,0.8191929691194025,1.1029576789173972,1.126511514100651,1.4104383094784,1.3584269286919246,1.4389848078992928,1.6909814080330667,1.9662800544370693,1.613325180709079,1.7795309055024686,1.2867957704628636,1.0493783259281053,1.0934733055551664,0.9051108619283553,0.8810521550088021,0.8454111597573949,1.1466274539150298,1.4656249492920694,1.3888797183475152,1.1123111000645172,0.9540409999558036,1.1359520878010356,1.2827128201223994,1.2954052787661856,1.3310831497675721,1.397073637178656,1.4551667482817399,1.0656473038971672,1.146930559924646,1.411498056670465,1.6923215582354365,1.9029769732917832,2.1741259869082628,2.4284606842471614,2.3320727195536053,2.4007999116328174,2.8800938942158267,3.0991706830857866,2.8384579222059814,2.967460299099936,3.7346988388770006,4.5123678869345065,4.650649083387149
EO21,0.1438090508673816,0.16802794783481786,0.18679102202526815,0.2324616386916503,0.2732465122306511,0.2725449688848877,0.3478740508317793,0.3185640380120682,0.31178671911538425,0.2703552727544576,0.31090455565679026,0.2865256855237947,0.381188784591766,0.520742340345616,0.45139286230787556,0.6143568850121773,0.6611529245669886,0.6471904711998044,0.7664012121422373,0.9601855554179619,0.7957603414180964,0.9144366590392591,0.6171735159205054,0.5699688517219431,0.6476095174984604,0.43267999511733973,0.34956652039000036,0.3916393785766435,0.5793587085137197,0.5725818957536755,0.5692645584712416,0.5040661634868084,0.419830830444738,0.5026671136463194,0.6179232746158188,0.5877164585118025,0.5350275093394019,0.8356837145078563,0.828405744949106,0.5783129936316518,0.7397642930370525,0.7409072790533641,1.0381194731853391,1.130691426514043,1.3519714980642654,1.4591261996642761,1.3121668457691618,1.380464417289651,1.4425885673054746,1.4788267883781554,1.2274597659367679,1.276856599477558,2.017674762968444,2.5774067982253754,2.737341897493052
EO40,0.2851279017197436,0.2590430862453442,0.2801865330379022,0.38416051519584477,0.4568105797225923,0.5011590414065697,0.5387331791988161,0.5220235126711753,0.5464621309474912,0.5966636593433279,0.6388013329720217,0.6643880905035946,0.7711376528740848,0.9515613692364279,1.0175466218126688,1.0140561002129267,1.0360805858013804,1.405258601464153,1.957436309745601,2.0422593560969657,1.6550652194943183,1.6770012170327548,1.121442113586335,1.1899080999166531,1.6175922961389486,1.7437260260465524,1.69724933284964,1.6104047053334969,1.7152395285510524,2.042455033304562,1.812054007531524,1.1808457408056676,1.176787430778562,1.5772409012547517,1.871557352403356,2.0349386147917476,2.2900809736447894,2.4159632373287523,2.7520532155096893,2.8742631583263467,3.0438341601302557,2.9396682593766,3.064826220818926,3.311385134371026,4.088614835739949,5.2638224886225125,6.038055068909464,5.93274421697695,5.561415560567205,3.472114111964227,4.926782526773806,4.875285237030218,5.936095504584376,5.6505404282135485,6.54207924153968
EO22,0.056340775339818336,0.06179288661316672,0.0633755253300017,0.08659733436069403,0.1088786870908083,0.13005857475949043,0.14896998827485286,0.09483967543870732,0.09844543563165059,0.13123548517525882,0.1253176347310034,0.13447534497166946,0.1669421663313906,0.22353817536787415,0.2587336591348686,0.283367078470715,0.25033279820223114,0.38730029219961054,0.4905608714518563,0.4554167205233651,0.2955028616487346,0.4007201991024644,0.1837707712017593,0.20217907538406849,0.27981006562120336,0.2537094806255358,0.2541809272293181,0.2996535693159073,0.25504065041892465,0.39194154283525784,0.32064376649802806,0.2000966743067513,0.14238761311974873,0.1968338592383482,0.21391436515486292,0.23209468006249864,0.2591334545370353,0.3746523573053358,0.3868109882191254,0.35598473729158514,0.3488728405962739,0.27453190872554367,0.22692259905850903,0.2535447708178214,0.2635683266778736,0.3801100167702132,0.44635256193549894,0.4235759540363119,1.1621339248159535,0.4472084414757384,1.8957852519912963,1.6179292380614614,1.260903832042036,1.3055608221340131,1.4567726224809687
EO50,0.1456767008786463,0.12967374235078336,0.12766074719584072,0.16490343458047055,0.18266424363168662,0.19855609079948872,0.2025104123661873,0.15212175860966445,0.15525076533033147,0.16989400018812575,0.2474492279010491,0.28838970020657034,0.22626044732170483,0.28958354536292785,0.3938964936112382,0.6290464827255422,0.6860718971734207,0.7845200568801444,0.8350751558825812,0.8913221400162434,0.9340631564975462,1.6315036677743193,1.1114328123226227,0.6126638648002075,0.537097902222419,0.4519142878723443,0.23774136477170055,0.2298712312560385,0.2938052940491901,0.342256210590826,0.27551146586784947,0.22151374953836075,0.16555676128959457,0.3442324865481712,0.3628655825403531,0.37013695307988775,0.3990480306650183,0.49060917488452066,0.4791772892176385,0.6994256624550343,0.7058830884159554,0.8677588740720121,0.5911299427135934,0.7714160516789135,0.9765429866403927,1.4323350963063,2.182227051713983,3.0871001915903857,3.3356574041097424,2.98426670475728,3.3301606421636407,4.13297898174907,5.748454201253681,5.760664297197082,6.141848346422674
EO60,0.41617467751014975,0.39693558691413494,0.4172474777707289,0.4176325345054747,0.45231146042131926,0.5173441084877508,0.5722999735773212,0.564174479532823,0.5798770307702447,0.6549057641982392,0.7070357230691994,0.7490676146639726,0.7188274388362128,0.7973708323633601,0.7539443185542944,0.7377968916035172,0.8355857328120135,0.9242744025002657,1.1548668205667825,1.3577570070038836,1.34128811200926,1.488816517987301,1.4701661696140744,1.464075179414746,1.741846288444135,1.8193809108829035,1.8399664135256608,2.091231136296818,2.25180360573037,2.3739984213296745,1.838472915217482,1.7188732664454567,1.621840371889208,1.7981120751005482,2.0330371768586537,2.0987757603609483,2.1593482915752054,2.174043176287915,2.424506990059563,2.6396794533553427,2.816726522167881,3.1161642440506947,3.3380245764830225,3.544235921836775,3.904206352260922,4.360297023026334,4.45131859328541,4.729395314645099,4.45870296312872,4.300717448643038,4.574392725035963,4.612181226081205,4.982701310637814,4.99487985441928,5.48316326310299
EO72,0.039531925238436065,0.042615783871149455,0.04851714857799172,0.06264488017582122,0.06358755279132605,0.07283280186531464,0.07351405380416388,0.045663547433451676,0.054749028171126826,0.06358308390274167,0.08310258404831371,0.08547838759585326,0.0911048703817484,0.11227712899159134,0.12032506190949535,0.1293632314757612,0.1463132336524456,0.13865218201112978,0.26050315992170436,0.3576306706529248,0.4028640559371365,0.496841782042821,0.395367399916639,0.39133904364113253,0.43822913415162545,0.4458692244350571,0.4724116024908791,0.5103066700367412,0.5941353300955535,0.5720277842416558,0.44833515364682586,0.36271346695818596,0.3580953153845792,0.35919911639809166,0.38235452687116495,0.40079655663632496,0.3717938371900883,0.4321893061295252,0.5103997008227698,0.4805577680813501,0.5148759479537884,0.593383572253899,0.6963644410685212,0.7444617036152905,0.9481312144764728,0.9051437201614253,0.881028838065313,0.7890665979199649,0.8180511353116222,0.6441096249964194,0.6335828295451638,0.6725195206696725,0.8443042108091343,1.0416023792473283,1.0009164165171918
EO80,0.33524317702201295,0.35645059223654296,0.39450506437479527,0.4378999957388287,0.47930617622895766,0.49682375558125347,0.5509392862455452,0.4833851263813316,0.5189590980164557,0.5717390904534532,0.652607513069505,0.7240365603524145,0.7646301621325313,0.9568958029667975,1.0337754355576874,1.0204531830881016,1.122725453854938,1.2824775754225008,1.6104039807110633,1.9832663635694934,1.8365617065505333,2.0655460156294407,2.187833070222252,2.075781756926203,2.2474512433080966,2.286682632959251,2.449675460717522,2.752857261324344,3.0785267976075166,3.235272414845606,2.7783884583066008,2.7176738677824437,2.6723706091599393,3.23883917075451,3.669180455678712,3.789349262743437,3.988439885748317,4.312033788734586,4.593886403808678,4.870315285934571,5.380749561834304,5.926318590982329,6.995180481853464,8.056741585726794,8.956677156882533,10.012500607308098,10.510072532486769,10.826565640361883,10.399082859359892,9.18656407644251,8.972162683975059,9.027836590325496,8.552458707944751,9.546553491514063,10.18875929988756
SOO1,0.3852234939318599,0.4409926463377346,0.5201620008518724,0.5280923916754392,0.5499383548834554,0.6776474202257536,0.6160059681143519,0.5999666659299107,0.6022844039603301,0.7863379422613103,0.8334993432216801,1.0224517065300947,1.0399791113203747,1.3759341800937384,1.2760698168467663,1.1141172565107473,1.099530211648484,1.2259568987448155,1.7053076878883755,2.7091110081399528,3.8745013323363358,5.8476791536195485,7.6201332332097245,6.413832454521216,8.207086731143237,10.490452074693184,9.721113942297706,9.392965423697014,9.93660484720668,9.080212930523716,6.164936786514467,4.233049734861426,2.844730986599551,3.7767950992073906,3.9781911948096416,4.510909374562075,4.861305400546456,5.792721824661241,7.52060762948542,8.788590374322606,9.983652340822562,9.38265065385918,7.024493648859352,5.692420863828635,6.009434303327018,6.940037016447376,9.210162528512988,10.955085745419908,12.335863257778492,7.724493068152161,4.5285052657809635,4.33518948563134,4.985373773704501,5.692110225914217,7.560296303565737
SB31,0.10374672463507044,0.13503768904128854,0.18462611921161676,0.2020823813234737,0.24358427984616424,0.2616543113479035,0.23983667529774663,0.21754361890908985,0.2266355442629324,0.3357161258607104,0.4139239198042667,0.4960687545328615,0.5477171249068064,0.6431363095587587,0.5944871281991196,0.6353608771029182,0.6830194294876014,0.6784180405891918,0.763275266299973,0.904496259922119,1.0828811001363587,1.5376218556382455,2.1264220955987545,2.1890802850900575,2.180881804262493,2.0828129222151213,2.0787998037353157,2.355009470107995,2.766005127361917,2.546611675721259,1.998845526898323,1.6272816539072201,1.3760354554386263,1.915273491777154,1.8851399933189052,1.635897192466396,1.5308947977871354,1.777073427473248,1.7945028820725122,1.8865134874805216,1.9604935331870166,2.058098499754761,2.805459581971464,2.9035872136909893,3.1211803913060088,3.5408845363138264,4.535887268278216,5.262436400736917,5.755456263404945,5.168608284384217,4.063896962280342,3.7752343344649804,3.877657225392457,3.6147099436464436,3.4153571188158764
SB32,0.025086298169955557,0.0326177992853354,0.04418005371562617,0.048451076967917193,0.058319697770860476,0.0626201154382438,0.05771135342822849,0.05246163621736897,0.054656018922796736,0.08062549286215578,0.09958339125234476,0.11924922711150131,0.13160832163536096,0.15460439586877217,0.14302848917693875,0.15286096388564482,0.16394130686452327,0.16318480341400582,0.18298151592335501,0.21742932411142094,0.260587690687234,0.3695238609491576,0.5110295582409954,0.5264578394302926,0.524434920673092,0.5004215226042219,0.49979294384834405,0.5661674647616872,0.664643997739974,0.6118395737340602,0.4803797254442813,0.3912291462326497,0.33077647175111247,0.4603891554539168,0.41145594508964967,0.4437259166343146,0.6131743963403407,0.6098017980217365,0.7953484709166888,0.7924240260292889,0.809679719156902,0.6464934350149607,0.71144777208132,0.5541054641888994,0.4820355816688816,0.42657723607973597,0.6028710926192565,0.6524673934990751,0.8127514595530665,0.637113721535178,0.5177782790275876,0.5516025004762506,0.6924851692701031,0.6556690101843533,0.780040105779807
SOO2,0.04655846863745989,0.05305828683747892,0.06254965499738653,0.0635463873800321,0.06604881434290223,0.08147598662968526,0.07318468731840569,0.07150176673641408,0.07192518451078136,0.09383964727424306,0.09958339125234476,0.12165830240668314,0.12106403473875935,0.161345866618864,0.14962058434850156,0.13185557973265144,0.1300295898354404,0.14371859590015235,0.19921195415227957,0.31909090965792425,0.464233987130788,0.7085655979600967,0.9354536582391283,0.7827493485313647,0.9969060153648566,1.2737748951413315,1.1763488158600006,1.13262919535745,1.1958869799477685,1.092322247291722,0.7415718814092164,0.5124853678768494,0.34424218059708683,0.4542460829571262,0.4749377194749099,0.5402674057861542,0.5805153073208819,0.6888531070730376,0.753576674900734,0.9543019046739875,0.9535314459106663,0.8245016399001813,0.9835510016150675,1.14753563553345,1.4438687226631823,1.538681871784171,1.4709244942935644,1.7038872423278506,2.076675973424961,1.5727235802444177,0.9953016869937492,0.9998614208454603,1.171997872041759,1.3205374580115992,1.3839919500568456
SC03,0.16646247005995934,0.1907053998215943,0.22415564095717702,0.22764701992463604,0.23655781023521721,0.2926151862671839,0.2653467663058766,0.2576494257470785,0.2595715817245526,0.340312353482306,0.3618911106763292,0.44608044215783826,0.5770068107306998,0.7698759596604846,0.7125455599080176,0.5935580828974562,0.6072901963674409,0.7241843369781452,1.0085105178959153,1.4473399415962707,1.6266838477823329,1.9433791846649082,1.7126085981005745,1.6814712594036643,2.4774753340943785,3.2698852582868634,3.3536953638908376,3.6998043318340397,3.9096532140592517,3.676655558297853,2.611157839895068,1.6411773191433903,1.3017740710108272,1.8519657168796735,1.9131861740658325,1.8624876979327416,2.0714027210591803,1.8249785207583367,2.1416467191244597,2.6101924318582954,2.5018212811258844,2.622869986163325,2.7929120022169434,2.610516443552535,3.241172820028584,3.9275834472076374,5.377072788535427,6.623411331961982,6.392418221740702,3.415895434120095,2.094091938341247,2.1885582582731997,2.41915294834326,2.7904403308432566,3.3539150158743647
SC04,0.08971540531967157,0.10307224574165987,0.12114635782021704,0.12295373803416172,0.127647531265538,0.15806341406158939,0.14323288803745113,0.13895244187303132,0.1402897163230092,0.18346608589535685,0.1952691938059676,0.24090752951818445,0.3114469925940664,0.4161734609723344,0.38493840592731976,0.32007214070749307,0.32788261372904653,0.3907737614749099,0.5444978523648802,0.7816754448479943,0.878240194186365,1.0490451710058575,0.9245562826986358,0.9078845286644727,1.3372024552528334,1.7655540404749512,1.8111140914368804,1.9977707475400697,2.1108054493056367,1.9853351450286232,1.410017596345794,0.8861795079781415,0.702883336989869,0.9997850488526681,0.9594480874682322,1.114705854124334,1.16184709186725,1.2856904904103608,1.4738032868532458,1.418198663890509,1.474308947170425,1.404161085262782,1.4185935168182329,1.418910015517062,1.41701245454163,1.3458503166643552,1.3697098725168275,1.5334794568215189,1.6059040896188788,0.9042185412341827,0.7725580671205273,0.8626159055844453,0.9486365047385096,1.1027616796289392,1.2405126258694046
SC01,0.07483370301546065,0.08567608612281431,0.10138159694743691,0.10274549990181435,0.10656812243269687,0.13222388687331776,0.11960468898893731,0.1164688834941589,0.11732350641733891,0.15339909687075245,0.16350384591138406,0.20115778714768404,0.2604829392604919,0.3471857436297282,0.3212148192688792,0.26745469327474725,0.27379030435750334,0.3261625195140345,0.4551192747206655,0.6527743914038633,0.7342704681292003,0.8762172796202982,0.7728533442533572,0.7594501204312673,1.1176219803368639,1.4750586496372917,1.512650169602022,1.669370076711565,1.7637267009298776,1.6597519525343725,1.1778467910436292,0.7402750229983542,0.5872915590744258,0.8354578595635198,0.9849751501839981,1.445468275720156,1.7791038743350234,1.8841088999287097,2.050355132670236,2.34722924034813,2.485038579671279,2.5118575965712693,2.133805562825909,2.0913286072690855,2.07757335699288,2.2135059979823453,2.665993137599258,3.2215458421057166,3.3410004634088404,1.8075083452649614,0.9491763139025324,1.0715959503016947,1.1439153745537778,1.466055835271902,2.351962510364461
SOMO ,0.01062978736015066,0.01022024377607176,0.013254016114687853,0.017530037897939887,0.016629311412574677,0.01652798585916472,0.014846036570305154,0.014381375179278752,0.011394088635371306,0.010533021632823202,0.009549092311868677,0.008632519807734943,0.007224789169893703,0.009887490433467988,0.015381555400313244,0.017261850343549007,0.022469113123564102,0.017602421688059006,0.036907571863033936,0.06420731718726524,0.07956876051518595,0.12192849575287379,0.11442244317517235,0.10131237387345757,0.12897688089724418,0.16113851814219515,0.15699710552524254,0.16949712042761528,0.1797372089803038,0.17255641672867025,0.12677747921105037,0.09015639944896157,0.06066235173186464,0.06364905670285803,0.06012295034371208,0.05590117155355664,0.04882533808409105,0.03826083358082972,0.04514048924304799,0.04930559840815602,0.051889372864750705,0.04838586660061909,0.04660529623107665,0.03983321629990558,0.03959577992280099,0.04056885895537756,0.04692677918739634,0.05565891875598304,0.06499611819752622,0.04996606154313787,0.03471982629047963,0.03324682529592603,0.046425400471460265,0.04934243826642455,0.05835283519584915
SC02,0.11331353325920603,0.1304711971413416,0.15253744861816196,0.1526574133612265,0.15950086016849796,0.20089650417548108,0.18337991650926225,0.18007102161096916,0.18052509181666412,0.23689723199640547,0.25178422993743527,0.3087631503324731,0.3973634043441537,0.5301043166488859,0.4926092937295125,0.4115807449383553,0.4194234449731966,0.4953528550333781,0.7014662001679041,1.0102924075602264,1.1375846229905493,1.3584674856994712,1.1972774442514902,1.1707207647599542,1.7265314283744733,2.2807512403482675,2.334343653556079,2.565998073140287,2.715537044052176,2.5468792050495206,1.7991328111532046,1.1222403924068904,0.8639385477417206,1.2366346217844828,1.7610314449837006,1.885544857712992,2.0153923833908083,2.3568357280554904,2.5469005143437635,2.8323327085574066,3.185288235261924,2.75669979110885,3.1073185006373603,2.6311958154188693,3.035619075559782,2.8904017254888785,2.9059638045026497,3.603724376714436,3.3891975849030063,1.8857080177915824,1.1928860124535803,1.2257105444074403,1.3135466455071902,1.4760915854277854,1.5164872111485972
SI00,0.6007955815957153,0.5982104388930511,0.6527021619987509,0.6963320609459456,0.824673316671485,1.1776771895987934,1.3677172564276905,1.2037818688796285,1.0699761359153368,1.301306945364248,1.358309661504585,1.2517153721215668,1.1501083300182138,1.7725573758908066,1.996006513765324,2.18809551162023,2.092124088616302,2.283758898540173,3.5869268485923285,5.351339394209837,5.092152020595291,7.292991935822246,7.469577386926602,5.077660991342592,5.551335501759072,6.707599907441549,5.901227533043243,6.213717352342924,6.822930701488773,7.6719385465551575,6.3938617828609265,5.173653931681235,3.8307941809047623,3.973544060007378,4.816049851973831,5.84026245714428,6.189713846412947,5.937227617607019,6.767367823907395,6.148708549874453,6.379139073306811,6.064415889157861,4.008055475872592,3.5570214640575255,3.943223213616333,4.8749957788974765,5.882409791078918,7.546358197086878,10.464575017857715,10.429161551905434,6.654968829600773,6.399604425804481,7.510525975571761,8.264607515872214,9.904364018580171
SU30,0.41838843049553,0.39337065938114496,0.4187804039044355,0.4358162199626722,0.4560178777504633,0.519816794697392,0.46733650330467635,0.6311600712483464,0.6307696255487584,0.7183520753585423,0.8177141089918564,0.9497779351254423,1.0786414966079139,1.413461700602583,1.1917709028346601,1.4666333569000916,1.5006454903728508,1.857780293689145,2.085722479801936,2.314868352228752,2.531281193889353,3.020030807539341,2.862855263703623,2.366311492098664,3.138348608113316,4.328437080753844,4.267723476454165,4.4716636146146564,3.141711969778873,2.897342625072091,2.518938679565343,2.113133663414743,1.3863013918855571,2.3053585953233564,1.6145867167722008,2.084765353368249,2.1933844185468594,1.9185752706750772,2.195882680080659,2.6713384427874063,3.784841682124935,3.8802552152162018,3.981347056109398,3.9804400781731175,3.288859911500827,3.310073623874082,4.184580517420414,6.360175144283856,7.5417495795289575,7.20588621377134,5.951011771914093,5.004056650698147,5.899272391376954,6.131007032731498,7.541589071105892
SU60,0.0,0.0,0.0,0.0,0.0,0.0,0.0,0.0,0.0,0.0,0.0,0.0,0.0,0.0,0.0,0.0,0.0,0.0,0.0,0.0,0.0,0.0,0.0,0.0,0.0,0.0,0.0,0.0,0.0,0.0,0.0,0.0,0.0,0.11313491848255998,0.07842854137014955,0.08692051600612367,0.06858408694086367,0.009802362322361332,0.010106079681279401,0.025271328216366705,0.013015156230102486,0.03365973328738719,0.060407633961049347,0.10170182885082277,0.0855613157462265,0.6018001800784943,0.6426208349897571,1.4924977186963944,2.824231326724509,3.451373195290129,2.063229870527487,3.2033234283892473,4.8644404752736,2.8128535061913955,4.694313965520194
SU40,0.24384732204185616,0.2481127265637846,0.23438681129132205,0.22862091091896605,0.2618531008346266,0.2958742257323713,0.32661280454671343,0.30038844212493504,0.34912199709317393,0.3383972586399745,0.3223305853843018,0.3194032328861929,0.3624110459276409,0.4366225889142796,0.3873355314442517,0.333382483141073,0.32746651904157315,0.3800052211480973,0.5089242891234018,0.6936335932503048,0.8486505613697802,1.1577455752383723,1.062494115198029,0.6429539799307799,0.7389522535703681,0.951776645220509,0.9004744056115079,0.9381194790333984,1.0790135238620537,1.1733836337549577,0.9202823039115404,0.9189335760348285,0.9200678885749404,0.9632678956773016,0.7883160025513534,1.0415532824474247,0.7710810917494244,0.6333590881190242,1.2418687581678838,0.8687681784032079,0.8375938042293587,0.8215887783656961,1.089667676110442,1.0778698827706366,0.8773047586373646,0.9040813376566481,1.0171149355636848,1.5012659045278165,2.111673883223629,2.014988236505426,1.3916444383193693,1.6962431999502752,1.6747232750491452,1.8224922283083451,1.8933778761194344
SU50,0.028062638630797745,0.023702267480677056,0.047202899496169015,0.06622458761443957,0.03887979851390699,0.028400201053776,0.029692073140610308,0.06319702895683058,0.06355765066918057,0.04423869085785745,0.055540638956787194,0.08592368552815245,0.05545513849323816,0.06943714872594564,0.15681196089929736,0.4043016514199912,0.6006326813678664,0.24788351483066623,0.11872676731843447,0.14373683506694604,0.20115977267745447,0.21337486756752916,0.10811343628330822,0.11963760945780391,0.07221639405610161,0.07582989089044477,0.08075750392125786,0.10858409277394103,0.11126589127352139,0.09149503026543446,0.07847220475262305,0.1240684396086627,0.11319194861616061,0.16825193005098663,0.1676053196732532,0.1541014491787956,0.16574487677375388,0.1532014369414215,0.21273297729093138,0.26296319151016545,0.1714233077149025,0.15211610235646134,0.21384660924490168,0.1810292553544645,0.2718336369482729,0.22338767441812155,0.33640059746886475,0.9105570373196267,1.1763297453472283,0.8945596743187806,1.4842306417606483,0.5917279792816786,1.1556028879591804,2.6711821664908477,2.952653460909967
SU20,0.23087898146247235,0.21245059934515123,0.23089891231377258,0.27341989665814576,0.30635407503729123,0.33917289291271835,0.33476766970505,0.3299614108034519,0.30140925093255655,0.4190227515021303,0.5735301770169289,0.5962461355575065,0.6377340926722387,0.8820090898036784,0.8461853074769727,0.7842703330785941,0.8126329246355684,0.9306503890133784,1.2441853743707103,1.674011228030101,1.920839609311911,2.3462608416219277,2.424092511678526,1.9827904902262734,2.123588355103593,2.302217790342989,2.5322842488316097,2.705185812658103,2.819719695562927,2.5717594325778403,1.871304327932989,1.4818734426858673,1.1985814111416773,1.6410535611565298,1.699397023821292,1.839928174694511,1.9283559111539503,1.9628440037438055,2.100885531076633,3.2520488240390217,3.2193673943381134,3.1714589084914144,3.29571144809452,2.450166560064405,2.6629022775908076,3.2536224882212803,4.082629789303482,5.239372259745568,5.267885382895503,3.6616392981408064,2.967454911744761,2.871837840217059,2.589758178747122,2.9468307707724324,2.932058342605549
SM01,0.467710643846629,0.4725231856468921,0.5399267617246525,0.5049624805601018,0.5232377703618567,0.5251709309616284,0.47528226935638895,0.45655802329710293,0.4167743983656911,0.48509352356256674,0.48291123977164446,0.46314472549870966,0.5229185242425767,0.6770683790008875,0.8937282968961228,1.3501678606062668,1.556610225838024,2.083919640552209,3.130473565250108,4.2943507559679635,6.3577926175399675,11.481695872464604,12.23230404420295,7.438213123686176,7.86679029125526,7.3072693754759115,4.113832428772048,3.5929858340645535,4.37596649844165,3.7130395469414177,3.1938760124133294,2.8419943899691003,1.7105449949886227,2.5855509575380826,2.4371627245473455,2.2667344489001526,2.4837237199298485,3.3125660544857203,3.5524554426310644,3.0373308954873743,3.8192633453124425,5.3824826388066604,4.986408194446501,6.137366365050983,7.504088917630314,11.10896201607892,16.17924930430397,18.039589284473408,22.617049228291187,13.60488554522524,14.493095411148618,18.549271853159045,23.002487321007962,24.056194911159245,30.3817468966906
SM02,0.026574468400376652,0.02935601935680186,0.033483830184474574,0.037494803281704764,0.03700607328432111,0.03794453091611056,0.035128649912834736,0.03483938775825275,0.03827701650945048,0.04940944693215247,0.05885358935070082,0.06926091473647804,0.07478633113700779,0.10336921816807441,0.1356373521663986,0.17823380414965662,0.23238888295389912,0.2864017552304189,0.2945935705934938,0.3300353387239353,0.4440931446253816,0.7186304502038481,0.591899555673072,0.40289339377584293,0.45834759327119834,0.46473686806754205,0.300158135203836,0.23570693309465252,0.25293068652893325,0.26244627102453566,0.2157508305850707,0.2150519619883487,0.1673214316999783,0.22814688689469484,0.29960710450609596,0.21332019767915086,0.24167725874399582,0.22403140985138725,0.18241473824709317,0.1747786266152914,0.22690897374849728,0.20422395869558957,0.40707933746451946,0.35171882477576205,0.6142510554980606,0.8572976747761913,1.4733168398991965,1.4015754438792578,1.4019162725066425,1.0596891490840206,1.1435737954033338,1.8375831518240888,1.7875402447262951,1.9394087176243817,1.8236977258561557
SB20,0.12032919291690547,0.1326457170936973,0.15811808698224106,0.16483105079035146,0.17589595592737436,0.18320457565017798,0.20638081823790402,0.21207464524936412,0.20438146489697281,0.20740477142450048,0.18006859788095214,0.20236232479527494,0.20737097563316523,0.22067080921967192,0.14722345883156962,0.1358070876426205,0.14916994545921725,0.15365878697105625,0.19520992828761324,0.2646119738626689,0.39436266930339037,0.49087722228810277,0.5551926064840443,0.5565635836045758,0.6014479755890085,0.7463110952710318,0.9120515302995205,1.3833436859899644,1.114724857666022,1.1442229369744539,0.9164637051401233,0.8162049080388557,0.6844846456953694,0.9076389614008092,0.9235086702236668,1.0362451593325468,1.2482303823237189,1.5535163254761688,1.8324006808773101,1.8379147793721238,2.168393528757338,2.240314171300905,2.544828425356135,2.4308432125827486,2.341832149086356,2.4016764501583516,2.6871561948798486,3.2684365750302775,3.6499820099170805,3.2451935361344306,2.3750373926241135,2.323674666495559,2.6394301107200833,2.575173489999567,2.6481889619763304
SB41,0.13414791648510133,0.16178428445526358,0.16369872534632016,0.21888200097566612,0.3283703464849253,0.33288760251557115,0.28604757786165425,0.24691403300761688,0.21221490083379055,0.25470761403008835,0.25763061298551815,0.2730285334539424,0.38174223857141054,0.5163966594570326,0.33359996777302753,0.22960340697925424,0.19369207701887203,0.20356682963955297,0.3001519398499748,0.6085102560702182,0.861331832576888,1.2773735333355316,1.2996554197240129,1.496909958161319,1.9652985467297024,2.2520362449007827,2.3555213206682972,2.489194690446524,2.3354031767834877,2.3930498412991557,2.056506368346722,1.2335711388823971,0.6094233181678094,0.9644623819961221,0.9665016179554833,1.4605632508280895,2.2059581678193507,2.524266400626146,3.089765427889822,3.48991740990776,3.456037735259188,2.9088158934653117,2.323991021676572,2.084717988393782,2.5547885828450725,2.707755543468498,4.015460085760738,6.483882809601092,8.754877127178785,5.837484818275814,2.3255574469444444,1.7019754112081937,2.048723704022028,2.697609641901339,3.4644421507747376
SB42,0.18921021501068175,0.18418183996452722,0.2067161460694298,0.24055107559950845,0.22976555627796838,0.30751365239375494,0.2929478483802468,0.282563639085829,0.13388054146561285,0.1828915574426574,0.20598756272745286,0.21922585186154786,0.2263116391326163,0.29617528162070017,0.26288476502353547,0.27057430478261757,0.31144687357384687,0.34604290165584234,0.4615669830581835,0.6094830942094193,0.714129625623794,0.8983599545565513,1.0710973064142073,1.1102474873316113,1.4432619564865177,1.8556020359073546,1.792195375483299,2.0363195718039893,2.224727555490197,1.8320408399347814,1.396270640768692,1.1457306836394638,0.9210011555246614,1.3038671374438022,1.336811968536168,1.4156100831989682,1.5175045712891575,1.6196032198430566,1.7358876199210918,2.025240708808129,1.8017428775908981,1.5203518953605897,1.6082412222508449,1.5826499599668868,1.742558627733007,1.5552546822510487,2.059993593034175,2.331574980216385,2.5222493621760025,1.8728914443846065,1.3040900937607687,1.3254510202952186,1.2109562500597677,1.3884460340664073,1.5895998811292786
SB43,0.01722025552344407,0.016743803633138838,0.01883465447876695,0.02191254737242486,0.020610977525444666,0.027934623987320658,0.026346487434626045,0.025521877078720036,0.011038023365515952,0.015129249254418782,0.016564751969568112,0.017465795890068372,0.018550134355132482,0.02471872608366997,0.021374369192643083,0.021629306454567433,0.02538177593587797,0.02754261275896291,0.03712990663329318,0.04864190696004942,0.05818465612672973,0.07246693615500989,0.0877525504050194,0.09057902160262615,0.11751819106546424,0.1463628408731011,0.14541998083723004,0.16331753791202513,0.18770585371342072,0.14847877718513486,0.11054843443252738,0.08966012569052692,0.06852845887951302,0.10187261890511057,0.10815413413785077,0.11229997964913307,0.1327591968641004,0.1400789196389055,0.18174099960167453,0.19333449698395228,0.3068836837413639,0.3213857226382258,0.22944145836837734,0.17153708466172105,0.14960318588223503,0.12895718144539167,0.13231511464995283,0.13933790962542328,0.15559070756207816,0.09584567939129791,0.04411262953814561,0.08958627308803713,0.1696312709534125,0.15388150239020537,0.12511534369933536
SB45,0.0025511489664361586,0.002174519952355693,0.0023252659850329566,0.0029216729829899812,0.0025763721906805833,0.0037246165316427546,0.003554684812608276,0.0032408732798374653,0.0014242610794214133,0.0019150948423314912,0.001948794349360954,0.0022083190205833578,0.0025384394380707606,0.0033707353750459046,0.00279664643642059,0.002703663306820929,0.0033287574997872744,0.003520484337611801,0.004891364945703293,0.006323447904806425,0.007708223674908639,0.009489717829822724,0.011757694662110442,0.012042297669713304,0.015455907214959014,0.019515045449746818,0.019201084848410956,0.021481405887527633,0.024496204179581635,0.01952964096308981,0.014701605269956144,0.011745145616286737,0.00906602179728966,0.013309990409712938,0.014778825782811908,0.014929096260593761,0.0236778395391077,0.019288519408517463,0.013980076892436506,0.044357366309846456,0.02808533712811589,0.028643138422440064,0.029397186853448345,0.015594280423792822,0.029094290465014643,0.02779398422049271,0.03146854604331284,0.05127482584027204,0.02739836367095721,0.010959099000167786,0.022140179083784108,0.009499092941693151,0.00470747067717604,0.020071500311765918,0.06641925653174593
SU11,0.048259234615084,0.03566212721863337,0.03697172916202401,0.04552940398492721,0.047779993354439915,0.06145617277210545,0.07255738999853364,0.06279191979685088,0.07174715187585369,0.08503021099951821,0.05690479500133987,0.05440495041618999,0.06834260025575124,0.0898862766678908,0.11006801331912465,0.10169933515657185,0.11484213374266097,0.14682490560980982,0.28014181052664316,0.3324674340719378,0.34289162734512946,0.414096778028628,0.3960335689847444,0.254720774622414,0.2947281617197357,0.2771136453864048,0.17986898600643794,0.09445933273830642,0.09709941174798022,0.10059102742632561,0.06739826831551324,0.030438123850658586,0.052396273034335826,0.10187261890511057,0.13704002089516495,0.06834208510405144,0.09177204014467949,0.11367578241577095,0.16860309601601134,0.1643519946938534,0.13854291302832777,0.15535261517255625,0.1521842173084003,0.14289106953540598,0.17249987601150693,0.21251176754923307,0.2594774849185445,0.2750541772769984,0.28658288423709255,0.2581889425463258,0.22945276505012624,0.2807145741734838,0.266702562848284,0.30843205479080293,0.3719135113806032
SU12,0.0773848519818968,0.0702369944610889,0.07812893709710735,0.08497198925529197,0.08829930144423453,0.08845964262651543,0.08677612924896674,0.08223715947587568,0.08563369740021247,0.0970953085062066,0.10737856864978858,0.1333021663333954,0.13375623192911315,0.1674131902939466,0.17439088135679823,0.18800858687431687,0.26754888404540217,0.30317582766256923,0.3092676654306037,0.36870565475717465,0.3804381362132328,0.4603950983498843,0.4384759789845577,0.5083943929257225,0.6299614595890192,0.8385893816119775,0.6231881508888674,0.6120729348774997,0.5926310601518063,0.5939151087405394,0.4158454062073309,0.35665540772836907,0.3206438591541417,0.40851432103657404,0.404570355804476,0.49465072276767325,0.6102350783285894,0.6613432515231848,0.7783365701198685,0.6402658890062698,0.5730093782358279,0.561534973592469,0.6501438824235193,0.6581803357129079,0.7406132401212602,0.7837558283294218,1.0732430440035117,1.111844085971401,1.358318876300302,1.2084728490693493,1.2517587613809151,1.0982916770171427,1.2197218851138196,1.224528781520319,1.359449434077415
SB44,0.0,0.0,0.0,0.0,0.0,0.0,0.0,0.0,0.0,0.0,0.0,0.0,0.0,0.0,0.0,0.0,0.0,0.0,0.0,0.0,0.0,0.0,0.0,0.0,0.0,0.0,0.0,0.0,0.0,0.0,0.0,0.0,0.0,0.0,0.0,0.0,0.0,0.0,0.0,0.0,0.0,0.0,0.0,0.0,0.0,0.0,0.0,0.0,0.0,0.0,0.0,0.0,0.0,0.0,0.0
SB46,0.003188936208045198,0.003044327933297971,0.0037204255760527306,0.004139036725902473,0.003981666112869993,0.00535413626423646,0.005018378558976391,0.004861309919756198,0.0021363916191321198,0.003064151747730386,0.003118070958977527,0.0034128566681742804,0.003514762298867207,0.004943745216733994,0.0037954487351422295,0.0037435338094443634,0.004993136249680912,0.005177182849429119,0.006892377878036459,0.00924196232240939,0.011189356947448024,0.01437836034821625,0.016919609391817466,0.01780165742479358,0.02291737966355992,0.028993781811052416,0.02823688948295729,0.03236924174832931,0.037187008754545614,0.02942822610876547,0.02176601299707793,0.017535006131357663,0.013732356545894633,0.020306267419946664,0.02149647386590823,0.022559523238230572,0.012410453827394379,0.02735175293175017,0.048509182470141125,0.0782881006982549,0.10463500600779761,0.0666721640115554,0.13336284767661932,0.10407487152400863,0.07023947047175133,0.06853547661823359,0.08244391010177866,0.11169906298289746,0.12799235583512855,0.08191462134023718,0.08906390222340425,0.06501965341124451,0.08635773793991909,0.11925816435240917,0.14485233207440198
SN00,0.2551148966436158,0.2515919584875537,0.29833162587972833,0.32162750087748043,0.31174103507235057,0.3228776955867813,0.31051217333666414,0.34474789514271037,0.2844961506144273,0.32345951886978885,0.3653989405051789,0.3844482658561027,0.34854726130433134,0.5674071214660606,0.6490217337093211,0.7761593431581313,0.8261560019784543,0.917603888232817,1.1581418182803844,1.4081832064934308,1.2964734916443112,1.3550166792158993,1.0774063133060716,0.858144603506961,0.8673961721498551,0.6289420362089831,0.6037046971456268,0.7665624977672532,0.7059628963561357,0.6768492005016058,0.5347947579369761,0.45524846107071965,0.31971059220442066,0.5786433010171356,0.5417783179017183,0.499958845882551,0.5973347381659031,0.6033195906795298,0.7215740892433491,0.8936860614696953,1.0254573092875485,0.8308128398915665,1.0059573940338544,0.8648045513281629,0.9442732733763628,1.0107688050371728,1.070298618642734,1.1995259442856208,1.6810995986720167,1.2863010267146089,1.0696054698279642,0.9613737166851518,1.257706303681378,1.5851467371217132,1.8933778761194344
SO01,0.012330553337774766,0.011090051757014037,0.013254016114687853,0.015338783160697403,0.016395095758876443,0.01978702532435213,0.020909910662401627,0.019040130519045108,0.0213639161913212,0.029683970056138112,0.03878100755228299,0.041556548841886816,0.0382718561432207,0.0449431383339454,0.04594490574119541,0.05282542153327045,0.055756688121436845,0.06730337704257855,0.08470954746877067,0.11844304344772033,0.12482349305819797,0.16391330796966525,0.18066701553974582,0.1921531845558601,0.25369006325243076,0.38054338627006296,0.32020632673673566,0.38548824263919446,0.31225281954213696,0.3282584857768657,0.2827672390234422,0.24400126456370333,0.23824971987877389,0.2795097986039717,0.24368268421431905,0.28348695010394154,0.22910350947150415,0.18861642339640436,0.19639481513952967,0.15692964654638905,0.26304315749259766,0.19564719973293804,0.15272197072645116,0.14272156648732126,0.1494310303173533,0.12084340965431614,0.18881127625987706,0.2113895236314561,0.1843889876249821,0.10587604118806167,0.19355883835368837,0.1487099377768514,0.07531953083481664,0.1234397269173604,0.12271257989715334
SO02,0.012755744832180792,0.011524955747485174,0.013951595910197739,0.016556146903609893,0.017097742719971144,0.020950967990490496,0.02174630708889769,0.019850348839004474,0.022254079365959585,0.030833026961537006,0.04072980190164394,0.04316259903867472,0.04022450186481359,0.04674086386730321,0.04794251033863869,0.05490516253851732,0.0582532562462773,0.06999551212428169,0.08937857764421472,0.12403686274812602,0.13103980247344685,0.1705273537298447,0.18955697979646347,0.19895970063004592,0.2635498661309391,0.39615542262986037,0.3346071403730439,0.4031441926837378,0.32612416407756273,0.3429725988312485,0.29403210539912283,0.2537613151462515,0.24824900862578453,0.29281978901368466,0.2532553327327313,0.2962596213491162,0.23922782706753637,0.1976282726282527,0.1224519988048354,0.19598533560804668,0.18666474066857514,0.13981735365530062,0.09428609929825507,0.10068481056231451,0.1220582955011561,0.0887335893747407,0.12016936003674436,0.16583307985515494,0.26038444890208967,0.15379888088371063,0.11590048293102137,0.11808355191311659,0.11590117460357563,0.07142108860936705,0.04925665794473149
SO03,0.012330553337774766,0.012177311733191884,0.013254016114687853,0.015338783160697403,0.014755586182988797,0.020019813857579807,0.018609820489537444,0.0180273576190959,0.006765240127251713,0.009383964727424306,0.009743971746804771,0.01023857000452284,0.011130080613079487,0.015280667033541437,0.01298442988338131,0.012478446031481209,0.01518745609277944,0.01573863586226452,0.021788807485405577,0.027725886967228174,0.03505998510200381,0.04284751383768442,0.053053012499766634,0.05523749583281538,0.0708839882617086,0.08307833634320788,0.0864048818178493,0.09593066190868503,0.12011994097698463,0.08855220765455792,0.06281594978981261,0.04995822501575485,0.03413090558979637,0.0566527796926243,0.06432148039564728,0.0643609927678931,0.0795248817623824,0.09249003159002225,0.21273297729093138,0.17725274266444616,0.1560106227055706,0.09563895371560495,0.08388953321593796,0.06780121923388184,0.10708076135644443,0.15209006272207504,0.16654405946899487,0.24455613960248712,0.24698524915059966,0.15807107201936924,0.0657496227336619,0.048641906960049414,0.019316862433929268,0.02609295040529569,0.04788365005777032
SO04,0.007228255404902449,0.006958463847538218,0.008836010743125235,0.009495437194717439,0.010305488762722333,0.013036157860749641,0.013591441930561058,0.012153274799390493,0.013708512889431104,0.018576419970615463,0.024554808801948026,0.026700584521598777,0.024798600664229738,0.0283141771503856,0.0293647875824162,0.033691804284999266,0.035160001091503086,0.04245289936531878,0.0542496839432547,0.0758813748576771,0.07956876051518595,0.1038117617141213,0.11556953533732947,0.12277907841512042,0.1622870257570697,0.2431017090311318,0.20387034206695162,0.24630050312137844,0.19892098333780747,0.21001052268528084,0.1802378620108909,0.15599538473462524,0.15198918895456195,0.17900230692037017,0.1548417883153702,0.18163733783722408,0.14614942336207853,0.12047419499418284,0.12144139083670745,0.086770784295357,0.12569900885388455,0.09515347679319072,0.09177658334735093,0.14814566402603183,0.18523938781275592,0.1766040115376649,0.25800527223815556,0.2205389349338095,0.10019401605218659,0.04643686017020249,0.03706802710239612,0.026531949250936045,0.04739935992191048,0.023249487861128855,0.055091941464316396
ENS1,0.0,0.0,0.0,0.0,0.00025381329002808714,0.000784305932248954,0.0015114228902714218,0.0023097009392555935,0.00481426498504888,0.00930945587752142,0.01945429239768355,0.020505202714097077,0.02062697274081918,0.026023224560283876,0.027952992792673353,0.029054240455296993,0.03285928878381277,0.03195724979804622,0.04870240684432809,0.07148809394987335,0.09612314331207883,0.13221411920007795,0.1353795917083652,0.1875866134153758,0.2921718843891851,0.3770590073507034,0.42699000555477823,0.5538040442692195,0.9185369078171471,1.242663216863097,1.5722630989447544,1.6777180346584886,1.9572672205361097,2.144320605148367,2.259304201236518,2.4633757470001605,2.7965648640482774,3.63286469575862,4.895501986122039,5.9508718780316086,6.849961767336201,7.1905398435629255,8.247693254850399,8.411199275676445,9.102381220046817,9.817195096576357,10.006290579601806,10.54571374178829,10.923090290768245,10.940002373556956,9.625596569371108,10.398579936535914,11.483436418811538,13.169788768683402,13.94543675906991
ENS2,0.0034254864056372835,0.004197437283839492,0.004293674822975141,0.004731410786936625,0.004441732575491525,0.004705835593493725,0.009392413675258122,0.013147528423454917,0.021129274101047858,0.038304531996051674,0.06123470130889918,0.07212482172045451,0.07506600275874588,0.10092559788346939,0.11645810893732303,0.12732182776443848,0.13912139861476186,0.12720967264571112,0.17847465862207185,0.23514332371534613,0.2946632071769083,0.3709159649480019,0.3478768225119494,0.4092082311746414,0.4993564300181947,0.5961042008713654,0.7030272560783044,0.9086817522368724,1.3933397105447534,1.5504865621170592,1.6803517425628465,1.848299413780464,1.9815328107762662,2.1576017389627165,2.435978295120807,2.7443564595534764,3.2645384199273244,3.9488614780535953,5.116257072556474,6.299766829005511,7.762138633070501,7.823785681416473,7.3269655154211755,7.255361235732842,7.54618967404371,8.600366961163703,9.52679997726931,10.816376068241125,11.443830709703935,11.20212720438811,12.024602503408447,12.507151497124525,13.280571850864202,14.562179274775877,15.19526761069887
ENS3,0.01510328097030984,0.020520804498770848,0.026946510957981923,0.051910335490961836,0.06193044276685327,0.06845870351487299,0.09662310619949448,0.08785747034322239,0.09040119805258451,0.1249018663567457,0.13312294369272032,0.12017831851566461,0.12764456072553987,0.14646624086396615,0.15179922244086644,0.17621117468440942,0.20732820740432423,0.17873764131232825,0.2509232700457773,0.34912038649870347,0.4104033185118604,0.4580274843716986,0.5040894760638032,0.5726479046660363,0.7187458123868441,0.8676394868485916,0.9600726198516948,1.2990854309698556,1.7370447930427202,2.0520758467046774,2.115195200276423,2.211891557514502,2.0662267883620546,2.345867635839809,2.1854140016611234,2.070225749991037,1.8466817359637118,2.2003668693668,2.345310201795733,3.7944091581119355,4.421746950751494,4.428891247149339,4.215204651535114,4.356709871849206,4.722018819703409,4.929730760877613,5.105279522092472,5.717544562097844,5.75004137796268,5.737813631863519,5.488164858017974,5.410476837339096,5.613175207793168,6.327166811183763,6.582755273792798
RD11,0.026002555897337562,0.029071139706592038,0.02975960825579322,0.02946993004434812,0.02665039545294915,0.028459100970176336,0.03292742725234169,0.030470285467871873,0.03583952822203054,0.04354110092715747,0.04604182534118441,0.050014864011341136,0.050718085915661286,0.061719555618304854,0.0636749372606946,0.07137844650315751,0.08335574593488362,0.07227540797348825,0.10398417610396136,0.12908245664621198,0.15121412850964783,0.1771538937065084,0.18410777025754202,0.21875551213030645,0.2597248793984351,0.28496840135442375,0.31565825564018885,0.4917290953513039,0.7267638486708162,0.8188675459671878,0.9111683027805872,1.0679928975200779,1.1934900986080805,1.315997259358685,1.3881535948051293,1.616642599726399,1.7525338394070042,1.953301526837594,2.4845435074667583,2.889448165167479,3.4436501035201297,3.6625970738747484,4.200649745844772,4.312851678929922,4.765418070862218,5.244700684733753,5.828746607935994,7.305255024649326,7.3045861810348365,6.498470216426384,6.88986906682111,6.1024193865541445,6.299223726648384,7.237904480438721,7.656341809545694
RD12,0.1156880181540228,0.12499035467433153,0.1273296671640904,0.12409814578308062,0.1304600310744368,0.12257581284005083,0.12242525411198517,0.10615740855424748,0.11268946187225524,0.12955659429550642,0.13312294369272032,0.12846955265658214,0.12262937519639952,0.14235731067023713,0.14692458609555012,0.1412902125987159,0.15946634801765708,0.14386955674585536,0.19269213142755895,0.2298927857416266,0.2627856341397393,0.2901546310523878,0.27111228615984034,0.290264847572837,0.3289352340805396,0.3592776002907135,0.37402556276452875,0.44703513213040463,0.6307554810676974,0.6605276214839096,0.7370649941457429,0.7718069596536166,0.7532934445912627,0.772519283534653,0.7085236447693148,0.7070232929764187,0.7444598645241117,0.6781221912010347,0.9016150217394087,0.9476900304625157,1.0120298266366812,1.0066953438682316,0.8858999293844763,0.9639746178217798,0.9796382895105636,1.0546977923890732,1.0964620833136838,1.1940675838851273,1.4162427923398406,1.2206114763986693,1.2462665122351726,1.211411084766077,1.1372103491989634,1.2642785502403389,1.367728073170626
RD23,0.006539564956216632,0.008083953287394577,0.008439291893433898,0.008381356251144879,0.009137278441011138,0.009523714891594443,0.010472001454023423,0.009860646317591187,0.01060921357816327,0.01270352833286777,0.013710644165986503,0.013729570512917174,0.01747225926281154,0.02345514318920323,0.024525514112372807,0.020603367630559165,0.025614144931702606,0.023782139384592532,0.03826617680625778,0.061552460553450275,0.10037348638370136,0.1040453474985835,0.0999280763001235,0.13671323850135103,0.18470978529137994,0.2313912359771615,0.2897081345203912,0.4301316460404491,0.5689835998814269,0.5631060806453696,0.5823986784422224,0.6000450865584785,0.6450406415295942,0.6395914442173495,0.709437279385394,0.8201960799770598,0.9456278559238109,1.1395130573722154,1.3526492969505968,1.492573541953136,1.7243791469841205,2.034144745629439,1.9399610012984394,2.011266864670164,2.264359148739876,2.459827431926774,2.4486177704777683,2.5158457412227575,2.860548686038468,2.6404130954713922,2.8151894649872937,2.9760578653061316,3.323618612999514,3.9819361151337485,4.13987672213454
RD21,0.037213238679423215,0.04352897923981695,0.04693430754769379,0.05150478599493869,0.05406223077598256,0.05366893450674986,0.05646244082942526,0.04788187716379865,0.05679049621252104,0.07680301098955171,0.0826344229463511,0.0863001575097651,0.08541993417374531,0.10914345827092745,0.11798143279523439,0.10734703745142182,0.11767870014336512,0.10274627405999744,0.13264599628098053,0.15178093619413788,0.16543643032623093,0.17292043668778667,0.15148107679418013,0.15032724023890695,0.15531398948553984,0.15118078404279645,0.1358083625796352,0.16234986640070237,0.21455677074757873,0.21243640661966653,0.21131803900335416,0.21060012481218293,0.22098178296375431,0.21972121380581444,0.23834443046962608,0.2722836904980941,0.3126561220114839,0.37164401439723527,0.4334600387461971,0.47578724420935137,0.5508332033214193,0.35183069570950093,0.4678362543324211,0.3860555978499786,0.6910397083625193,0.6130594488018373,0.9022182661320148,0.8165856111186253,0.9628286479644678,0.8154307827035276,0.8057995979080121,0.8871553913120317,0.6573463745788743,0.6154185597554305,0.7284364045253006
RD22,0.05574200605537034,0.06902452422313832,0.07225218322799548,0.0719174439614367,0.07297132088307505,0.07271636428993875,0.08302030018705167,0.07728614681355256,0.08273403529861777,0.10114335916932124,0.10190343636881861,0.10395246245494431,0.09941391960183049,0.11290997761517906,0.10335752375928539,0.0977786938399418,0.11006763993508777,0.09903031478115486,0.13219224714889052,0.15719302918243336,0.17900483320871824,0.19685575137055938,0.18304846202821207,0.19496683540994558,0.21968706131351876,0.23837956189593484,0.24640335826684867,0.29452175763515653,0.38951618176036873,0.38621537135868383,0.3995250193383662,0.41152019904443365,0.4420813600548881,0.4385104182211482,0.48628202440808227,0.561292423410076,0.6472268956508568,0.7781198488885541,0.9255386597659448,1.0226718401016441,1.8220428834087397,2.6323063427591453,1.554385955019469,1.4204103246631754,1.0957988964697498,1.2704790156706591,1.4313113445678745,1.5193879335439715,1.6251430087326018,1.6318507157120785,1.604987383510349,1.447894900468887,1.6069837262219009,1.9198749440376601,2.2447390374958847
RD24,0.01214490634725946,0.01228139057123407,0.012732966716409038,0.010949836392624762,0.011167784761235835,0.010644151937664378,0.011659548010665254,0.010038315620610848,0.012481427739015612,0.015127865800972305,0.016119270843794945,0.01658246828183503,0.01795759979788964,0.02217110250366291,0.02307835644735702,0.024793883080842384,0.03359112149614713,0.035797074386183556,0.0559623929577683,0.07706174195274483,0.10102738531779715,0.12716653583160206,0.13495586841663323,0.16358297877284297,0.20941713771552906,0.2581798186657926,0.3033790185172562,0.3626132016020394,0.4801636760455467,0.47837088296270824,0.4946951737521034,0.5100914458034991,0.5464469569130364,0.5435944769978421,0.599001695166837,0.6869532420797534,0.788821076799984,0.9422373435660836,1.1233905477105208,1.1321429279578283,1.280939566655153,1.2175713963879358,1.1572449568972805,1.086622307755352,1.0665655729888903,1.1583355903508779,1.404492158013301,1.6661499814312608,1.5895292971427517,1.3611944635000963,1.3300562063634562,1.4431197464979646,1.421540965936474,1.3680913370012726,1.5627397018635267
RD25,0.002802670695521414,0.002798291522559661,0.0026650395452949152,0.0027036633068209287,0.0025381329002808714,0.0025770052059608493,0.0029148870026663135,0.0023097009392555935,0.003120356934753903,0.003781966450243076,0.004261416429968778,0.004011887487540733,0.003073823388827956,0.003338505782404839,0.003046647715822709,0.0029333608151982543,0.0037323468329052366,0.00377789193348996,0.0055962392957768295,0.007431530670495308,0.009399797177626757,0.011479181531533862,0.011864252168495229,0.01411557022262377,0.01771189721972136,0.02143086615090489,0.024804058988323968,0.02960497563777514,0.039110007614976024,0.03865744188064917,0.03958509536013477,0.04037289388215614,0.043112650620860386,0.042755930788300055,0.04693797840106196,0.05407763713823736,0.06223335535104392,0.07489364320529705,0.08855147534940622,0.09770000314046552,0.03806818119664478,0.13798977777651425,0.06978557460458615,0.08344700422695583,0.13753827963681897,0.12457472684297738,0.13448650345084723,0.11838192045340007,0.14648183848263502,0.07381534151235875,0.08523227135861265,0.05673337694024143,0.026235553752593652,0.020449795769824704,0.025624600192219488
RD31,0.11475379458884899,0.12063745675034983,0.1168175667354271,0.11842045283875667,0.11967296624824308,0.11125939867474449,0.1192944495535658,0.09798462061534305,0.111352166043075,0.13673263320109585,0.13099223547773592,0.14424964344090901,0.1523160379253432,0.1945749652155436,0.17990454761933092,0.16007769020081902,0.19913168102617937,0.2006618010574995,0.28593757807205666,0.3397501956532964,0.3866994821508886,0.38149960749480616,0.33551822650310015,0.3768212375674031,0.44175555418599166,0.5228044267900095,0.6404031467513478,0.7450903868578118,1.0222210713073172,1.1168769276477342,1.0799382901842756,1.1384683877178767,1.1628636254894362,1.3169292687491656,1.4405733809026657,1.5904400332779745,1.6489179622926167,1.5734987077336364,1.690981694444359,1.9275151221989435,1.9904915446143403,1.9386513721099712,2.027030526410307,2.1124382713453254,2.133646270620615,2.2267732423182207,2.2696062097372893,2.222058866490457,1.7363886661369399,1.499304574838965,1.4370473509461998,1.5819402940812008,1.841421943729052,2.1151103471813397,2.3060937140124667
RD32,0.05979030817112349,0.06420524437873,0.07091966345534802,0.06448236986767915,0.061169002896769006,0.0766378939511835,0.09133312608354449,0.10660158181179663,0.11563151269645178,0.1384781561781311,0.11848590465065365,0.09557207525874811,0.08339768194425323,0.10417850095350487,0.10259586183032972,0.09463580725222938,0.11526365219266173,0.1122839028756934,0.16244218928822474,0.20937529889047649,0.25886224053516466,0.30953083817653715,0.3134846153330376,0.3644969833628788,0.4494207870163752,0.5353834134438015,0.6096231923631966,0.7286644003749172,0.9157346331282237,0.8665011740430341,0.8118500096315067,0.8081661740270203,0.8760349253205975,0.8005960664228827,0.7459826640285566,0.7272048441558433,0.7416939376196209,0.7484134317512576,0.8139706037559375,0.8830667753732198,0.8683923761790535,0.9250380089440812,1.086159837141771,1.082870426945148,1.3015911912821436,1.5396494075992353,1.6396157061567957,1.8545624941173606,1.7472112074681312,1.8069303197011906,1.3228433202118106,1.0538310037256466,0.987981622512202,1.4388235717816074,1.451579464409955
RDOM,0.2857167070156552,0.27361072665027797,0.2826422495537774,0.26887931586334135,0.2746259798103903,0.2584848265283339,0.27540284236302837,0.2465161579397797,0.2757503999769663,0.3277704256877333,0.3335947948764689,0.33271920230004476,0.3259061693049431,0.3797336320704581,0.38661959513790173,0.392162404222338,0.4404901095540514,0.39958948778487247,0.5350458515894739,0.6582559068898507,0.7696390454307264,0.9521207660375072,0.950835066646546,1.0221249199275537,1.1940646676068456,1.3454856835611593,1.3692986623686305,1.5214092480174057,2.0437111144349154,2.261759556224483,2.3850612545729106,2.48647445567209,2.4637819682675297,2.0009076601881564,2.123401052094757,2.4382881833793286,2.587099091935106,2.7471113847775372,2.9643768540463835,3.172895885121986,3.3841761718742527,3.154616799732379,3.3951916613024538,3.6501919027276464,3.646438565464915,4.134389175004065,4.404986296475717,4.697305258745289,4.267730746101032,4.737906317273158,4.602061794288307,5.023689365694404,5.183876338909915,5.93380897490537,5.911342627441733
RD70,0.0,0.0,0.0,0.0,0.0,0.0,0.0,0.0,0.0,0.0,0.0,0.0,0.0,0.0,0.0,0.0,0.0,0.0,0.0,0.0,0.0,0.0,0.0,0.0,0.0,0.0,0.0,0.04536246267078449,0.06104085300655137,0.09383106636046115,0.16414777567001995,0.24400810425268055,0.2662147278774439,0.2604966246393431,0.27431879347773924,0.2949182478982223,0.35914497036773374,0.43429945054244884,0.5903809630529554,0.7168590591872712,0.9334609926014336,1.0373322864721486,0.637166987497739,0.5814121503813017,0.7070085722903897,0.7795080334071599,0.8392061967513662,0.9846327545813319,1.208852697993292,1.192667980281763,1.011487067999107,1.0420068129405062,1.0253168336216623,0.9021968721981486,0.8491006016745781
RD40,0.0,0.0,0.0,0.0,0.0,0.0,0.0,0.0,0.0,0.0,0.0,0.0,0.0,0.0,0.0,0.0,0.0,0.0,0.0,0.0,0.0,0.0,0.0,0.0,0.0,0.0,0.0,0.07515843815138398,0.13792064990701827,0.16504214350902544,0.18844401683417453,0.22228701514649127,0.2180369297792693,0.2574675941202809,0.24256999056899176,0.2528826412979842,0.3779745496790753,0.3947606277329484,0.5461619164636232,0.6988492995722214,0.7141736740789079,0.6530116072754291,1.7286549597582959,2.0755663392450425,2.1216696226747125,2.2123791037124145,2.4812955172020303,2.6978201694446877,3.307418968213586,3.0795958309017077,3.3146818309887545,3.581820254760252,3.622188184124116,4.721737550336231,4.863019782019195
RD50,0.0,0.0,0.0,0.0,0.0,0.0,0.0,0.0,0.0,0.0,0.0,0.0,0.0,0.0,0.0,0.0,0.0,0.0,0.0,0.0,0.0,0.0,0.0,0.0,0.0,0.0,0.0,0.018240484989725976,0.06896032495350914,0.09658376346032162,0.14945151272194596,0.289339072822119,0.34713929338709165,0.3411154369159198,0.3395294642003825,0.3352813502570716,0.34531533584527957,0.34350659816507756,0.46464013570021334,0.5526524274029947,0.8381081042366748,0.7601173703302526,0.2821312522654684,0.22550097421330856,0.2462295792749044,0.42816019561998103,0.2800391761111059,0.27841430570561015,0.1639740855179325,0.26138296810238926,0.3051050842146106,0.4228285147109376,0.44264088126170825,0.5473327691335436,0.5345075054179869
RD60,0.0,0.0,0.0,0.0,0.0,0.0,0.0,0.0,0.0,0.0,0.0,0.0,0.0,0.0,0.0,0.0,0.0,0.0,0.0,0.0,0.0,0.0,0.0,0.0,0.0,0.0,0.0,0.030273475087660387,0.07517406448112214,0.09766090580374528,0.12622193580402255,0.1616096249259408,0.15572383639556675,0.17090722197939012,0.15406163713633234,0.16145240943539732,0.1884021749174338,0.22039232714184484,0.2768792609516645,0.5116890525922936,0.5705362236212802,0.5590006664626024,1.2396361194658234,1.329718309216515,1.4682340132391134,1.7587020260185042,1.8710939279724845,1.8617889154546936,1.9067807703512765,1.8819820990948284,1.5630324290616102,1.5663641966046213,1.2044809998466393,1.1432638764494938,1.3729011145239851
RD80,0.006850972811274567,0.012903233131802883,0.009327638408532204,0.008110989920462787,0.007741305345856659,0.009299627482380456,0.009932207564640772,0.011548504696277967,0.011768203296786149,0.016679441780559207,0.018157339571171317,0.01970282521658893,0.019656291670662983,0.02268471877787904,0.0193462129954742,0.02667961503346983,0.04705684340309936,0.058464425987123314,0.10095918189002795,0.15089238361396995,0.211618042546745,0.28014087695041145,0.3105891728395358,0.390220281382787,0.5156543522497871,0.6515449198269672,0.7767845403967198,0.800480341276875,1.2817360751076254,1.5360049817221408,1.8668994674037211,2.2156691382286215,2.2987523958089904,2.4676113624713443,2.1785617420405305,2.1840675386882333,1.9762547732587057,2.229759486323069,2.5085805276640363,3.2445817910407126,3.8251832805612627,3.7204119494337538,3.411825839234273,3.170986160624322,2.5411098631027267,2.7677311422855198,3.2604840197705887,3.7018985668973885,3.5518070526923458,3.105931957772951,3.3591612955905688,3.83478972107696,3.937239064657399,4.697678967077613,5.297555255701339
AE10,0.07333654986614366,0.1321415441208729,0.10349236900895253,0.11301312622511481,0.09949480969101017,0.11047509274249553,0.09986186953579038,0.08981183267643865,0.12632987932989376,0.10764058358384142,0.0705912895573089,0.0789004539216344,0.08008118828788623,0.07173507296551937,0.06100912050934974,0.057410061668880116,0.12258197931600533,0.09909224743580222,0.10239605414164632,0.18966558711220635,0.16322952142365768,0.23764348149324355,0.214968950005354,0.2453386418389025,0.29485099489300853,0.2922673195362536,0.3938360653228601,0.4710056124048612,0.6235670373004588,0.7453825016491736,0.7177465194640005,0.8635313413683396,0.789574035824118,0.9676587496665402,0.9819288036309751,1.176104982544593,1.3897718877026286,1.3215171623683282,1.5313395980397955,1.5103478798738714,1.9542477171491643,1.9065319967994132,2.0645873812719926,2.2912347982316095,2.315227707219786,2.478932379530844,2.611615933421099,2.6222712190998427,2.1833847918159086,1.8959538471532815,2.1792533359505364,1.9511051736903469,1.7481399748309412,1.8958163607790428,1.6771481280738587
AE20,0.12876714806645606,0.13602806012442797,0.13399226602732767,0.13085730405013296,0.1243685121137627,0.13109113439018233,0.16064266148027684,0.1219699765229973,0.12115900212373013,0.14390867210668526,0.142294252965914,0.13783062346084382,0.14713907221784348,0.1507463764824339,0.1563691940146005,0.14855377271254014,0.21003598843996135,0.21280060136838527,0.29039944453760846,0.3616409001283424,0.3300554869848421,0.4514330609386898,0.4236526711833504,0.5045062433375328,0.5989300370769644,0.680818240620051,0.8003606756727506,0.8848067718838281,1.194012693541324,1.240149884728442,1.3757598411390553,1.3744491329530526,1.5605365995222906,1.4963410764166918,1.5794458425466835,1.7396274116098542,1.8571071527575618,1.9072775002868525,2.1709284231947255,2.3980053782862214,2.5662575822658305,2.603769513156303,3.0502923782473856,3.3478420595053278,3.367369790209309,3.9918872028065837,4.050217930644585,3.996210999545131,3.636751417791812,3.606812943479091,3.8174199957584554,3.817053434899249,4.107097457542781,4.549598387120824,4.862899478731907
AE30,0.05605341391042827,0.060163267735032715,0.06159202504681582,0.06096760756881194,0.06383404244206392,0.05927111973709953,0.06499118428167114,0.05800902743591933,0.06035661842366836,0.07059670707120409,0.07133240545817303,0.0715899033887824,0.06705788392995726,0.0766144275705726,0.07304337898684944,0.07403243962167022,0.08481941135955234,0.08651991854238482,0.11759665006666176,0.1309403393138358,0.1454925128363098,0.1595687645518182,0.15338783160697403,0.16730891609048987,0.1940122523185445,0.21951108191524685,0.24730383565586372,0.3150542407387748,0.4364238232923493,0.4786102479279135,0.5019247869765592,0.5208339409592775,0.5512765161355918,0.5835543796147001,0.5999153297829161,0.6145895585689986,0.5854190675158883,0.6336671655554323,0.7352833772610746,0.8157361707993085,0.8730140722987739,0.8981071481067667,0.9866146785810391,1.0106790651488047,1.0496952409360594,1.140931768218403,1.1251039330321604,1.1892061731672852,1.1402679883944637,1.0645730157812543,1.1808696777935854,1.0794121857127295,1.0337256649526216,1.0973119824255348,1.091391422271433
AE40,0.051382296084559256,0.058142279413184075,0.05789058123390621,0.051775152325620785,0.04022940646945181,0.03854303438480575,0.05041674926833958,0.05001390880003459,0.055542353438619484,0.07534840850868899,0.07318519521033337,0.07069837283599557,0.07538956311546462,0.08688675305489518,0.07654702386004555,0.07480070078755548,0.08811265856505696,0.100207035219455,0.13075537489727215,0.1430569654070347,0.144920351268976,0.16087136671142488,0.12358596008849197,0.11127655104433865,0.15628144605636496,0.15646085251475855,0.1993329492956068,0.2831572669871074,0.3656359278895422,0.4000985393405888,0.46293228286433064,0.49663381450944705,0.5466825451677952,0.5839038831361304,0.6961895774522475,0.6754687129555503,0.6027593015709656,0.6786451915027476,0.7356235237733003,0.9512213558772312,1.0024215636509466,0.9722287834388247,0.9955815401224106,1.0621703948888488,1.116017538701005,1.0982727756230137,1.0580559666457263,1.0254948825069783,0.9643387700106806,0.9187969895784553,0.8393395185131644,0.6822785471310396,0.6425468314363856,0.6475367684056845,0.6595026209096114
AE50,0.025224036259692724,0.025806466263605766,0.026206222195399996,0.025008885588093593,0.025381329002808716,0.02341713426286163,0.024506642577972342,0.021586820316888817,0.023447253538293616,0.027055606144046625,0.02705073038154094,0.02933135518668669,0.026774619518475096,0.030132154754012912,0.030161812386644817,0.03045107893872473,0.035054786920815845,0.033010104927051614,0.04492116407691131,0.05355548733193902,0.06138476243824082,0.06871226391925234,0.0631347704680639,0.07100776695746272,0.08044773485091929,0.09216825406204385,0.10944893355573976,0.13541888856246823,0.18166050266021574,0.17689070928668568,0.20610323602177955,0.21484990311556776,0.22687148933272433,0.25921511172743217,0.26575346895199803,0.2748481970015569,0.274890581584782,0.28085116201986393,0.3080593579056808,0.32900181780433874,0.36061392092029326,0.37530254689798587,0.3894736817317406,0.3948531114739058,0.4082362794463634,0.4282910514254884,0.42415975628544067,0.4179499322555667,0.4229600164434161,0.39677291610244425,0.3212138632866192,0.32607479972868214,0.336801724242698,0.3609990417955526,0.364879870342731
RR10,0.6992274125507104,0.8913076701486328,1.2823775471285757,1.580861976201606,1.7826153402972655,1.6140269127652762,1.4661665705855804,1.3431799308286374,6.388395905576945,8.578663591135989,8.527534313933664,11.216657920304577,14.569080257948892,15.800328527875143,11.347935794202439,5.150238273866596,5.733388408444461,8.37000086525623,11.086761918763536,14.342453191430481,12.257207804989726,11.676821415125499,9.550119857980157,15.206123414442722,16.257728277982427,17.540105825111002,19.95147308776118,16.499555940425854,14.316197616650909,15.200595925015444,13.294993944961234,9.5390648791256,8.501278739154092,10.335023356653682,12.919124663906308,16.657089389103287,17.71974923149755,19.57145818963579,21.37894723235581,22.81471261109136,21.82391013125172,21.94551489865184,23.502885044787515,24.44808573685211,28.546719147179,35.14930526806298,36.897373799439755,33.05300490276767,28.600612169094966,17.24300326839479,10.965157151363412,11.419793156757056,15.973062572477591,21.57517310702419,27.403910708089203
RR20,0.2708469819366388,0.4021248558344995,0.36343242984355106,0.3910698769799428,0.39936111112086026,0.39936111112086026,0.41179796233223653,0.4449628988959066,0.44910851596636536,0.48918281431413335,0.5320208573755405,0.5817682622210456,0.6411887735642878,0.6328975394233702,0.677117454841597,0.9313819684964008,1.0460773741124263,1.1856464821512045,1.3611442714672919,1.8309808727859511,1.998187427961121,2.5467907536184966,1.6319912534039307,1.3929273356741425,1.6693018070380596,3.052556036214465,3.5375932334581393,4.20227383708836,4.187073241163345,3.2460181661692067,3.760074682906093,2.895022587537032,2.585483179609445,5.784517685646786,4.824116397657174,7.53673183409402,7.386107747200685,7.5781880047986085,6.655097270443125,7.987222222417206,9.177014321638868,9.656524029455266,9.17148683221159,10.90988225709063,10.4773562094061,8.889584871420395,9.058173298952385,10.616925317444878,10.011665225157898,9.30691032317991,9.105156959084251,9.316583429677648,9.591576028684745,9.989555267448786,10.93890157658384
RR30,0.19898961938202034,0.2045171088092987,0.19898961938202034,0.1837890234570049,0.19898961938202034,0.21419021530703578,0.2238633218047729,0.2321545559456904,0.24459140715706668,0.23353642830250998,0.30815753557076764,0.3288856209230614,0.4242348135436128,0.3496137062753552,0.4173254517595149,0.5955869857892414,0.5430758362300971,0.530638985018721,0.804249711668999,0.877488946580437,1.0087668204782976,1.3238337178331632,1.76741474437225,2.0092424068156776,2.8632395233301815,2.961352460664372,4.012957324204077,3.9410999616494586,3.8650969820243812,4.332169838629401,3.8070583430379585,4.504903883231849,5.6850228759557755,3.8789157055925774,5.141947039725679,5.241441849416689,4.087578431472335,4.826880142370813,3.4864639562558146,5.162675125077972,5.418321511089595,5.986271049742445,6.00285351802428,6.7504464630636765,6.451962033990646,4.933284313845921,4.938811803273199,4.918083717920906,4.181545751736066,3.808440215394778,3.7186185122015054,3.8029127259675,3.913462514513067,4.076523452617778,4.463447712527262
RR40,0.4173254517595149,0.41041608997541695,0.4256166859004324,0.46707285660501996,0.49609217609823125,0.5416939638732776,0.5458395809437364,0.5624220492255714,0.6826449442688753,0.797340349884901,0.8843983083645348,1.0087668204782976,1.2119020569307768,1.3749629950354878,1.4924221453651525,1.5242052095720031,1.6900298923903534,1.918038831265585,2.1391384083567186,2.4168947520774555,2.526062668266203,2.6794504998731767,2.906077566391589,3.324784890507923,3.713091022774227,3.982556132354046,4.330787966272582,4.572615628716009,4.774368992811668,4.843462610652648,4.731530949750262,4.766077758670751,4.909792483779988,5.0341609958937505,5.164056997434792,5.245587466487147,5.249733083557606,5.1986038063552815,5.531635044348802,6.013908496878837,6.382868416149667,6.5017094388361505,6.655097270443125,6.869287485750161,7.448292003257567,7.9775491159194685,8.321635332767546,8.188975586512864,7.926419838717144,7.293522299293773,7.596152345437263,8.089480776821855,8.73619703981342,9.13832189564792,9.407787005227739
